name,type,map,sigma,filter_size,jpg_PSNR,PSNR,delta_PSNR,jpg_SSIM,SSIM,delta_SSIM,jpg_SCC,SCC,delta_SCC
Case_1-01,gauss,1,0.4,2,33.47596,22.45327,-32.92718,0.97234,0.89911,-7.53132,0.99732,0.94386,-5.36037
Case_1-01,gauss,1,0.7,4,33.47596,31.9431,-4.57899,0.97234,0.97038,-0.20158,0.99732,0.99436,-0.2968
Case_1-01,gauss,1,1.1,6,33.47596,33.29148,-0.55108,0.97234,0.9759,0.36613,0.99732,0.9959,-0.14238
Case_1-01,gauss,1,1.4,8,33.47596,33.34427,-0.39339,0.97234,0.97687,0.46589,0.99732,0.99557,-0.17547
Case_1-01,gauss,1,1.7,10,33.47596,32.90865,-1.69468,0.97234,0.97615,0.39184,0.99732,0.99456,-0.27674
Case_1-01,gauss,1,2,12,33.47596,32.13264,-4.01279,0.97234,0.97403,0.17381,0.99732,0.99291,-0.44219
Case_1-02,gauss,1,0.4,2,33.48185,21.99712,-34.30136,0.97174,0.89285,-8.11843,0.99767,0.9422,-5.55995
Case_1-02,gauss,1,0.7,4,33.48185,31.59354,-5.6398,0.97174,0.96892,-0.2902,0.99767,0.99417,-0.35082
Case_1-02,gauss,1,1.1,6,33.48185,33.07827,-1.20537,0.97174,0.9751,0.34577,0.99767,0.99597,-0.1704
Case_1-02,gauss,1,1.4,8,33.48185,33.2673,-0.64079,0.97174,0.97675,0.51557,0.99767,0.99589,-0.17842
Case_1-02,gauss,1,1.7,10,33.48185,32.94542,-1.60215,0.97174,0.97674,0.51454,0.99767,0.99514,-0.25359
Case_1-02,gauss,1,2,12,33.48185,32.19686,-3.83787,0.97174,0.97519,0.35503,0.99767,0.99371,-0.39692
Case_1-03,gauss,1,0.4,2,33.98032,22.78039,-32.96005,0.97747,0.909,-7.00482,0.99748,0.94408,-5.35349
Case_1-03,gauss,1,0.7,4,33.98032,32.39418,-4.66782,0.97747,0.97536,-0.21586,0.99748,0.99469,-0.2797
Case_1-03,gauss,1,1.1,6,33.98032,33.98031,-3e-05,0.97747,0.98058,0.31817,0.99748,0.99648,-0.10025
Case_1-03,gauss,1,1.4,8,33.98032,34.09951,0.35076,0.97747,0.98166,0.42866,0.99748,0.99628,-0.1203
Case_1-03,gauss,1,1.7,10,33.98032,33.81413,-0.48908,0.97747,0.98154,0.41638,0.99748,0.99557,-0.19148
Case_1-03,gauss,1,2,12,33.98032,33.22017,-2.23703,0.97747,0.98045,0.30487,0.99748,0.99441,-0.30778
Case_1-04,gauss,1,0.4,2,33.94747,22.88128,-32.59798,0.97893,0.91492,-6.53877,0.99728,0.93908,-5.83587
Case_1-04,gauss,1,0.7,4,33.94747,32.5167,-4.21466,0.97893,0.97719,-0.17775,0.99728,0.99434,-0.2948
Case_1-04,gauss,1,1.1,6,33.94747,34.00135,0.15872,0.97893,0.98195,0.3085,0.99728,0.99619,-0.1093
Case_1-04,gauss,1,1.4,8,33.94747,34.20216,0.75025,0.97893,0.98326,0.44232,0.99728,0.9961,-0.11832
Case_1-04,gauss,1,1.7,10,33.94747,33.99342,0.13536,0.97893,0.98349,0.46581,0.99728,0.99546,-0.1825
Case_1-04,gauss,1,2,12,33.94747,33.42857,-1.52854,0.97893,0.98277,0.39227,0.99728,0.99428,-0.30082
Case_1-05,gauss,1,0.4,2,33.96857,22.88277,-32.63546,0.97769,0.90979,-6.94494,0.99717,0.94224,-5.50859
Case_1-05,gauss,1,0.7,4,33.96857,32.55793,-4.15278,0.97769,0.97606,-0.16672,0.99717,0.9945,-0.26776
Case_1-05,gauss,1,1.1,6,33.96857,33.98582,0.05078,0.97769,0.98079,0.31707,0.99717,0.99612,-0.1053
Case_1-05,gauss,1,1.4,8,33.96857,34.06865,0.29463,0.97769,0.9817,0.41015,0.99717,0.99585,-0.13237
Case_1-05,gauss,1,1.7,10,33.96857,33.73228,-0.69561,0.97769,0.98138,0.37742,0.99717,0.99501,-0.21661
Case_1-05,gauss,1,2,12,33.96857,33.09294,-2.57777,0.97769,0.98008,0.24445,0.99717,0.99366,-0.352
Case_1-06,gauss,1,0.4,2,33.43442,22.58035,-32.46376,0.97686,0.90498,-7.35827,0.99698,0.93969,-5.74635
Case_1-06,gauss,1,0.7,4,33.43442,31.94362,-4.45888,0.97686,0.97441,-0.2508,0.99698,0.99372,-0.32699
Case_1-06,gauss,1,1.1,6,33.43442,33.21014,-0.67081,0.97686,0.97925,0.24466,0.99698,0.99539,-0.15948
Case_1-06,gauss,1,1.4,8,33.43442,33.34631,-0.26353,0.97686,0.9803,0.35215,0.99698,0.99522,-0.17653
Case_1-06,gauss,1,1.7,10,33.43442,32.99324,-1.31954,0.97686,0.97983,0.30404,0.99698,0.99432,-0.26681
Case_1-06,gauss,1,2,12,33.43442,32.25146,-3.53815,0.97686,0.97804,0.1208,0.99698,0.99269,-0.4303
Case_1-07,gauss,1,0.4,2,33.7408,23.31601,-30.89669,0.98074,0.91859,-6.33705,0.99621,0.93412,-6.23262
Case_1-07,gauss,1,0.7,4,33.7408,32.72043,-3.02414,0.98074,0.97923,-0.15397,0.99621,0.99344,-0.27805
Case_1-07,gauss,1,1.1,6,33.7408,33.79782,0.16899,0.98074,0.98289,0.21922,0.99621,0.99486,-0.13551
Case_1-07,gauss,1,1.4,8,33.7408,33.86191,0.35894,0.98074,0.9834,0.27122,0.99621,0.99445,-0.17667
Case_1-07,gauss,1,1.7,10,33.7408,33.45762,-0.83928,0.98074,0.98257,0.18659,0.99621,0.99318,-0.30415
Case_1-07,gauss,1,2,12,33.7408,32.72005,-3.02527,0.98074,0.98067,-0.00714,0.99621,0.99114,-0.50893
Case_1-08,gauss,1,0.4,2,34.15219,22.71464,-33.48995,0.97482,0.90597,-7.06284,0.99749,0.94229,-5.53389
Case_1-08,gauss,1,0.7,4,34.15219,32.45828,-4.95989,0.97482,0.97307,-0.17952,0.99749,0.99456,-0.29374
Case_1-08,gauss,1,1.1,6,34.15219,34.09411,-0.17006,0.97482,0.97857,0.38469,0.99749,0.99643,-0.10627
Case_1-08,gauss,1,1.4,8,34.15219,34.24291,0.26563,0.97482,0.97984,0.51497,0.99749,0.99629,-0.1203
Case_1-08,gauss,1,1.7,10,34.15219,33.98379,-0.49309,0.97482,0.97986,0.51702,0.99749,0.99564,-0.18547
Case_1-08,gauss,1,2,12,34.15219,33.4032,-2.1931,0.97482,0.97884,0.41238,0.99749,0.99453,-0.29674
Case_10-01,gauss,1,0.4,2,32.91349,24.48544,-25.60667,0.96404,0.90954,-5.65329,0.99302,0.92748,-6.60007
Case_10-01,gauss,1,0.7,4,32.91349,32.22842,-2.08143,0.96404,0.96407,0.00311,0.99302,0.98941,-0.36354
Case_10-01,gauss,1,1.1,6,32.91349,32.54868,-1.10839,0.96404,0.96461,0.05913,0.99302,0.98947,-0.3575
Case_10-01,gauss,1,1.4,8,32.91349,31.83979,-3.26219,0.96404,0.95866,-0.55807,0.99302,0.98613,-0.69384
Case_10-01,gauss,1,1.7,10,32.91349,30.68826,-6.76084,0.96404,0.94851,-1.61093,0.99302,0.98012,-1.29907
Case_10-01,gauss,1,2,12,32.91349,29.4738,-10.4507,0.96404,0.93581,-2.9283,0.99302,0.97198,-2.11879
Case_10-02,gauss,1,0.4,2,33.66156,23.18785,-31.11475,0.96895,0.89495,-7.63713,0.99416,0.90582,-8.88589
Case_10-02,gauss,1,0.7,4,33.66156,32.523,-3.38237,0.96895,0.96723,-0.17751,0.99416,0.98978,-0.44057
Case_10-02,gauss,1,1.1,6,33.66156,33.04692,-1.82594,0.96895,0.96891,-0.00413,0.99416,0.99081,-0.33697
Case_10-02,gauss,1,1.4,8,33.66156,32.53964,-3.33294,0.96895,0.96494,-0.41385,0.99416,0.98894,-0.52507
Case_10-02,gauss,1,1.7,10,33.66156,31.46412,-6.52804,0.96895,0.95705,-1.22813,0.99416,0.98472,-0.94955
Case_10-02,gauss,1,2,12,33.66156,30.21131,-10.24982,0.96895,0.94636,-2.33139,0.99416,0.97839,-1.58626
Case_10-03,gauss,1,0.4,2,32.56373,24.82539,-23.76368,0.96066,0.91188,-5.07776,0.99237,0.93072,-6.2124
Case_10-03,gauss,1,0.7,4,32.56373,31.99906,-1.73405,0.96066,0.96154,0.0916,0.99237,0.98867,-0.37284
Case_10-03,gauss,1,1.1,6,32.56373,32.28319,-0.86151,0.96066,0.96202,0.14157,0.99237,0.98843,-0.39703
Case_10-03,gauss,1,1.4,8,32.56373,31.53786,-3.15035,0.96066,0.95546,-0.54129,0.99237,0.98448,-0.79507
Case_10-03,gauss,1,1.7,10,32.56373,30.36702,-6.74588,0.96066,0.94444,-1.68842,0.99237,0.97758,-1.49037
Case_10-03,gauss,1,2,12,32.56373,29.15682,-10.46228,0.96066,0.93079,-3.10932,0.99237,0.96844,-2.4114
Case_10-04,gauss,1,0.4,2,32.98354,24.20868,-26.60375,0.96681,0.91195,-5.67433,0.99397,0.93183,-6.2517
Case_10-04,gauss,1,0.7,4,32.98354,32.06077,-2.79767,0.96681,0.96614,-0.0693,0.99397,0.98997,-0.40243
Case_10-04,gauss,1,1.1,6,32.98354,32.42333,-1.69845,0.96681,0.96673,-0.00827,0.99397,0.99031,-0.36822
Case_10-04,gauss,1,1.4,8,32.98354,31.70999,-3.86117,0.96681,0.96099,-0.60198,0.99397,0.98745,-0.65596
Case_10-04,gauss,1,1.7,10,32.98354,30.51394,-7.48737,0.96681,0.95107,-1.62803,0.99397,0.98203,-1.20124
Case_10-04,gauss,1,2,12,32.98354,29.24092,-11.34693,0.96681,0.93849,-2.92922,0.99397,0.9745,-1.95881
Case_10-05,gauss,1,0.4,2,34.76679,22.69488,-34.72253,0.97183,0.88571,-8.86163,0.99576,0.90033,-9.58363
Case_10-05,gauss,1,0.7,4,34.76679,33.53037,-3.55632,0.97183,0.97012,-0.17596,0.99576,0.99266,-0.31132
Case_10-05,gauss,1,1.1,6,34.76679,34.50418,-0.75535,0.97183,0.97348,0.16978,0.99576,0.99432,-0.14461
Case_10-05,gauss,1,1.4,8,34.76679,34.27482,-1.41506,0.97183,0.97225,0.04322,0.99576,0.99356,-0.22094
Case_10-05,gauss,1,1.7,10,34.76679,33.54826,-3.50487,0.97183,0.96865,-0.32722,0.99576,0.99162,-0.41576
Case_10-05,gauss,1,2,12,34.76679,32.57592,-6.30162,0.97183,0.96327,-0.88081,0.99576,0.98864,-0.71503
Case_10-06,gauss,1,0.4,2,33.63674,23.10446,-31.31183,0.96951,0.89666,-7.51411,0.99485,0.91393,-8.13389
Case_10-06,gauss,1,0.7,4,33.63674,32.42174,-3.61212,0.96951,0.96779,-0.17741,0.99485,0.99064,-0.42318
Case_10-06,gauss,1,1.1,6,33.63674,33.03785,-1.78046,0.96951,0.96988,0.03816,0.99485,0.99179,-0.30758
Case_10-06,gauss,1,1.4,8,33.63674,32.59297,-3.10307,0.96951,0.96645,-0.31562,0.99485,0.99025,-0.46238
Case_10-06,gauss,1,1.7,10,33.63674,31.58381,-6.10324,0.96951,0.9594,-1.04279,0.99485,0.98673,-0.8162
Case_10-06,gauss,1,2,12,33.63674,30.37478,-9.69761,0.96951,0.94977,-2.03608,0.99485,0.98142,-1.34995
Case_10-07,gauss,1,0.4,2,33.55548,23.67677,-29.43993,0.97094,0.90536,-6.75428,0.99408,0.91643,-7.81124
Case_10-07,gauss,1,0.7,4,33.55548,32.53551,-3.03965,0.97094,0.96932,-0.16685,0.99408,0.99016,-0.39433
Case_10-07,gauss,1,1.1,6,33.55548,32.95313,-1.79509,0.97094,0.97051,-0.04429,0.99408,0.99087,-0.32291
Case_10-07,gauss,1,1.4,8,33.55548,32.34844,-3.59715,0.97094,0.96632,-0.47583,0.99408,0.98864,-0.54724
Case_10-07,gauss,1,1.7,10,33.55548,31.23194,-6.92447,0.97094,0.95849,-1.28226,0.99408,0.98403,-1.01099
Case_10-07,gauss,1,2,12,33.55548,29.99021,-10.625,0.97094,0.94819,-2.34309,0.99408,0.97739,-1.67894
Case_10-08,gauss,1,0.4,2,33.53521,23.59212,-29.6497,0.97055,0.90329,-6.93009,0.99412,0.91509,-7.94974
Case_10-08,gauss,1,0.7,4,33.53521,32.56219,-2.90149,0.97055,0.96912,-0.14734,0.99412,0.99026,-0.38828
Case_10-08,gauss,1,1.1,6,33.53521,33.01739,-1.54411,0.97055,0.97068,0.01339,0.99412,0.99093,-0.32089
Case_10-08,gauss,1,1.4,8,33.53521,32.4541,-3.22381,0.97055,0.96681,-0.38535,0.99412,0.98875,-0.54018
Case_10-08,gauss,1,1.7,10,33.53521,31.35585,-6.49872,0.97055,0.95926,-1.16326,0.99412,0.98421,-0.99686
Case_10-08,gauss,1,2,12,33.53521,30.11465,-10.19991,0.97055,0.94918,-2.20184,0.99412,0.97764,-1.65775
Case_10-09,gauss,1,0.4,2,33.12456,24.29871,-26.64443,0.96886,0.91264,-5.8027,0.99415,0.93002,-6.45074
Case_10-09,gauss,1,0.7,4,33.12456,32.44985,-2.03689,0.96886,0.9684,-0.04748,0.99415,0.9911,-0.30679
Case_10-09,gauss,1,1.1,6,33.12456,32.85407,-0.81658,0.96886,0.96968,0.08464,0.99415,0.99146,-0.27058
Case_10-09,gauss,1,1.4,8,33.12456,32.24617,-2.65178,0.96886,0.96528,-0.36951,0.99415,0.98895,-0.52306
Case_10-09,gauss,1,1.7,10,33.12456,31.15364,-5.95003,0.96886,0.95715,-1.20864,0.99415,0.98418,-1.00287
Case_10-09,gauss,1,2,12,33.12456,29.95507,-9.5684,0.96886,0.94659,-2.29858,0.99415,0.97754,-1.67077
Case_10-10,gauss,1,0.4,2,33.95052,24.16252,-28.83019,0.96517,0.90069,-6.68069,0.99297,0.90878,-8.4786
Case_10-10,gauss,1,0.7,4,33.95052,33.35779,-1.74586,0.96517,0.96558,0.04248,0.99297,0.99039,-0.25983
Case_10-10,gauss,1,1.1,6,33.95052,33.67072,-0.82414,0.96517,0.96604,0.09014,0.99297,0.99073,-0.22559
Case_10-10,gauss,1,1.4,8,33.95052,33.03415,-2.69913,0.96517,0.96085,-0.44759,0.99297,0.98821,-0.47937
Case_10-10,gauss,1,1.7,10,33.95052,31.99553,-5.75835,0.96517,0.95218,-1.34588,0.99297,0.98362,-0.94162
Case_10-10,gauss,1,2,12,33.95052,30.88737,-9.02239,0.96517,0.94149,-2.45345,0.99297,0.97745,-1.56299
Case_11-07,gauss,1,0.4,2,34.08888,22.83888,-33.00196,0.9629,0.87738,-8.8815,0.99504,0.89896,-9.65589
Case_11-07,gauss,1,0.7,4,34.08888,33.23768,-2.497,0.9629,0.9622,-0.0727,0.99504,0.99186,-0.31959
Case_11-07,gauss,1,1.1,6,34.08888,33.85123,-0.69715,0.9629,0.96554,0.27417,0.99504,0.99275,-0.23014
Case_11-07,gauss,1,1.4,8,34.08888,33.36792,-2.11494,0.9629,0.96269,-0.02181,0.99504,0.9909,-0.41606
Case_11-07,gauss,1,1.7,10,34.08888,32.34264,-5.12261,0.9629,0.95587,-0.73009,0.99504,0.98704,-0.80399
Case_11-07,gauss,1,2,12,34.08888,31.16028,-8.59107,0.9629,0.94622,-1.73227,0.99504,0.98146,-1.36477
Case_11-09,gauss,1,0.4,2,38.54692,23.32587,-39.48707,0.96482,0.89567,-7.16714,0.99678,0.87758,-11.95851
Case_11-09,gauss,1,0.7,4,38.54692,35.87064,-6.94292,0.96482,0.96343,-0.14407,0.99678,0.99188,-0.49158
Case_11-09,gauss,1,1.1,6,38.54692,38.00001,-1.41882,0.96482,0.96774,0.30265,0.99678,0.99539,-0.13945
Case_11-09,gauss,1,1.4,8,38.54692,37.95952,-1.52386,0.96482,0.96826,0.35654,0.99678,0.9951,-0.16854
Case_11-09,gauss,1,1.7,10,38.54692,37.50484,-2.70341,0.96482,0.96749,0.27674,0.99678,0.99413,-0.26586
Case_11-09,gauss,1,2,12,38.54692,36.79519,-4.54441,0.96482,0.9657,0.09121,0.99678,0.9926,-0.41935
Case_11-10,gauss,1,0.4,2,36.24099,23.33864,-35.60154,0.96374,0.88798,-7.86104,0.99643,0.90495,-9.18078
Case_11-10,gauss,1,0.7,4,36.24099,34.91241,-3.66596,0.96374,0.9634,-0.03528,0.99643,0.99363,-0.281
Case_11-10,gauss,1,1.1,6,36.24099,35.8638,-1.04078,0.96374,0.96682,0.31959,0.99643,0.99491,-0.15254
Case_11-10,gauss,1,1.4,8,36.24099,35.53724,-1.94186,0.96374,0.96577,0.21064,0.99643,0.99396,-0.24788
Case_11-10,gauss,1,1.7,10,36.24099,34.76147,-4.08245,0.96374,0.96235,-0.14423,0.99643,0.99201,-0.44358
Case_11-10,gauss,1,2,12,36.24099,33.82383,-6.66969,0.96374,0.95738,-0.65993,0.99643,0.98929,-0.71656
Case_11-11,gauss,1,0.4,2,36.24559,22.70093,-37.36913,0.9645,0.87678,-9.09487,0.99652,0.8934,-10.34801
Case_11-11,gauss,1,0.7,4,36.24559,34.79534,-4.00118,0.9645,0.96359,-0.09435,0.99652,0.9935,-0.30305
Case_11-11,gauss,1,1.1,6,36.24559,35.84467,-1.10612,0.9645,0.96741,0.30171,0.99652,0.99503,-0.14952
Case_11-11,gauss,1,1.4,8,36.24559,35.5946,-1.79605,0.9645,0.96669,0.22706,0.99652,0.99428,-0.22478
Case_11-11,gauss,1,1.7,10,36.24559,34.85275,-3.84278,0.9645,0.96356,-0.09746,0.99652,0.9925,-0.4034
Case_11-11,gauss,1,2,12,36.24559,33.90303,-6.46302,0.9645,0.9587,-0.60135,0.99652,0.98989,-0.66532
Case_11-12,gauss,1,0.4,2,35.80086,22.89728,-36.04265,0.96176,0.87776,-8.73399,0.99654,0.90278,-9.40855
Case_11-12,gauss,1,0.7,4,35.80086,34.40487,-3.89932,0.96176,0.96097,-0.08214,0.99654,0.99358,-0.29703
Case_11-12,gauss,1,1.1,6,35.80086,35.47012,-0.92383,0.96176,0.96487,0.32337,0.99654,0.99512,-0.14249
Case_11-12,gauss,1,1.4,8,35.80086,35.22436,-1.6103,0.96176,0.96384,0.21627,0.99654,0.99433,-0.22177
Case_11-12,gauss,1,1.7,10,35.80086,34.48341,-3.67994,0.96176,0.96026,-0.15596,0.99654,0.99251,-0.4044
Case_11-12,gauss,1,2,12,35.80086,33.52986,-6.34342,0.96176,0.95486,-0.71743,0.99654,0.98983,-0.67333
Case_11-13,gauss,1,0.4,2,37.6792,22.87865,-39.28043,0.96567,0.88221,-8.6427,0.99733,0.89946,-9.8132
Case_11-13,gauss,1,0.7,4,37.6792,35.45553,-5.90158,0.96567,0.96387,-0.1864,0.99733,0.99403,-0.33088
Case_11-13,gauss,1,1.1,6,37.6792,37.00924,-1.77806,0.96567,0.96768,0.20815,0.99733,0.99608,-0.12533
Case_11-13,gauss,1,1.4,8,37.6792,36.75279,-2.45868,0.96567,0.96712,0.15015,0.99733,0.99555,-0.17848
Case_11-13,gauss,1,1.7,10,37.6792,36.0762,-4.25434,0.96567,0.96487,-0.08284,0.99733,0.99434,-0.2998
Case_11-13,gauss,1,2,12,37.6792,35.21249,-6.54661,0.96567,0.96129,-0.45357,0.99733,0.99259,-0.47527
Case_11-15,gauss,1,0.4,2,34.82427,23.57593,-32.30029,0.97127,0.89821,-7.52211,0.99486,0.89897,-9.63854
Case_11-15,gauss,1,0.7,4,34.82427,34.10525,-2.06471,0.97127,0.9708,-0.04839,0.99486,0.99238,-0.24928
Case_11-15,gauss,1,1.1,6,34.82427,34.82762,0.00962,0.97127,0.97359,0.23886,0.99486,0.99348,-0.13871
Case_11-15,gauss,1,1.4,8,34.82427,34.50387,-0.92005,0.97127,0.97223,0.09884,0.99486,0.99213,-0.27441
Case_11-15,gauss,1,1.7,10,34.82427,33.69208,-3.25115,0.97127,0.96843,-0.2924,0.99486,0.98928,-0.56088
Case_11-15,gauss,1,2,12,34.82427,32.68619,-6.13963,0.97127,0.96291,-0.86073,0.99486,0.98515,-0.97602
Case_12-01,gauss,1,0.4,2,34.87843,24.08206,-30.95429,0.97994,0.92153,-5.96057,0.99658,0.9365,-6.02862
Case_12-01,gauss,1,0.7,4,34.87843,33.98951,-2.54862,0.97994,0.9794,-0.05511,0.99658,0.99464,-0.19467
Case_12-01,gauss,1,1.1,6,34.87843,35.03681,0.45409,0.97994,0.98244,0.25512,0.99658,0.99592,-0.06623
Case_12-01,gauss,1,1.4,8,34.87843,35.0975,0.6281,0.97994,0.98271,0.28267,0.99658,0.99565,-0.09332
Case_12-01,gauss,1,1.7,10,34.87843,34.77502,-0.29649,0.97994,0.98187,0.19695,0.99658,0.99479,-0.17961
Case_12-01,gauss,1,2,12,34.87843,34.17767,-2.00915,0.97994,0.98017,0.02347,0.99658,0.9934,-0.31909
Case_12-02,gauss,1,0.4,2,34.76286,24.77689,-28.72597,0.98121,0.92997,-5.22212,0.99562,0.93247,-6.34278
Case_12-02,gauss,1,0.7,4,34.76286,34.17721,-1.6847,0.98121,0.98112,-0.00917,0.99562,0.99379,-0.18381
Case_12-02,gauss,1,1.1,6,34.76286,35.02827,0.76349,0.98121,0.9836,0.24358,0.99562,0.995,-0.06227
Case_12-02,gauss,1,1.4,8,34.76286,35.06658,0.87369,0.98121,0.98376,0.25988,0.99562,0.99464,-0.09843
Case_12-02,gauss,1,1.7,10,34.76286,34.71946,-0.12485,0.98121,0.98285,0.16714,0.99562,0.99351,-0.21193
Case_12-02,gauss,1,2,12,34.76286,34.10104,-1.90381,0.98121,0.98113,-0.00815,0.99562,0.9917,-0.39372
Case_12-03,gauss,1,0.4,2,34.64716,24.63959,-28.88424,0.9801,0.92762,-5.35456,0.99648,0.9446,-5.20633
Case_12-03,gauss,1,0.7,4,34.64716,33.98797,-1.90258,0.9801,0.97999,-0.01122,0.99648,0.99484,-0.16458
Case_12-03,gauss,1,1.1,6,34.64716,34.85773,0.60776,0.9801,0.98265,0.26018,0.99648,0.99586,-0.06222
Case_12-03,gauss,1,1.4,8,34.64716,34.92409,0.79929,0.9801,0.98291,0.28671,0.99648,0.9956,-0.08831
Case_12-03,gauss,1,1.7,10,34.64716,34.59736,-0.14373,0.9801,0.98203,0.19692,0.99648,0.99469,-0.17963
Case_12-03,gauss,1,2,12,34.64716,33.9854,-1.91,0.9801,0.98029,0.01939,0.99648,0.99321,-0.32816
Case_12-04,gauss,1,0.4,2,34.71957,23.15578,-33.30626,0.98023,0.90615,-7.55741,0.99612,0.91909,-7.733
Case_12-04,gauss,1,0.7,4,34.71957,33.42018,-3.74253,0.98023,0.97817,-0.21015,0.99612,0.99318,-0.29515
Case_12-04,gauss,1,1.1,6,34.71957,34.50096,-0.62964,0.98023,0.98101,0.07957,0.99612,0.9949,-0.12248
Case_12-04,gauss,1,1.4,8,34.71957,34.36153,-1.03123,0.98023,0.98015,-0.00816,0.99612,0.99439,-0.17367
Case_12-04,gauss,1,1.7,10,34.71957,33.78763,-2.68419,0.98023,0.97768,-0.26014,0.99612,0.99301,-0.31221
Case_12-04,gauss,1,2,12,34.71957,32.96662,-5.04888,0.98023,0.97408,-0.6274,0.99612,0.99085,-0.52905
Case_12-05,gauss,1,0.4,2,34.39273,23.74633,-30.95538,0.97701,0.91235,-6.61815,0.99588,0.9311,-6.5048
Case_12-05,gauss,1,0.7,4,34.39273,33.47322,-2.67356,0.97701,0.97616,-0.087,0.99588,0.99361,-0.22794
Case_12-05,gauss,1,1.1,6,34.39273,34.18004,-0.61842,0.97701,0.97808,0.10952,0.99588,0.99461,-0.12753
Case_12-05,gauss,1,1.4,8,34.39273,33.92851,-1.34976,0.97701,0.97643,-0.05936,0.99588,0.99384,-0.20484
Case_12-05,gauss,1,1.7,10,34.39273,33.24688,-3.33166,0.97701,0.9729,-0.42067,0.99588,0.99209,-0.38057
Case_12-05,gauss,1,2,12,34.39273,32.3608,-5.90802,0.97701,0.96814,-0.90787,0.99588,0.98954,-0.63662
Case_12-06,gauss,1,0.4,2,34.13071,24.80548,-27.32211,0.97721,0.92767,-5.06953,0.9952,0.93977,-5.56973
Case_12-06,gauss,1,0.7,4,34.13071,33.52662,-1.76993,0.97721,0.97742,0.02149,0.9952,0.99315,-0.20599
Case_12-06,gauss,1,1.1,6,34.13071,34.17373,0.12604,0.97721,0.97925,0.20876,0.9952,0.99398,-0.12259
Case_12-06,gauss,1,1.4,8,34.13071,33.96028,-0.49935,0.97721,0.97793,0.07368,0.9952,0.99303,-0.21805
Case_12-06,gauss,1,1.7,10,34.13071,33.32152,-2.37086,0.97721,0.97491,-0.23536,0.9952,0.99102,-0.42002
Case_12-06,gauss,1,2,12,34.13071,32.47363,-4.8551,0.97721,0.97079,-0.65697,0.9952,0.98814,-0.70941
Case_12-07,gauss,1,0.4,2,34.27531,23.8553,-30.40092,0.9758,0.91173,-6.56589,0.99522,0.92461,-7.09491
Case_12-07,gauss,1,0.7,4,34.27531,33.55752,-2.09419,0.9758,0.97543,-0.03792,0.99522,0.99305,-0.21804
Case_12-07,gauss,1,1.1,6,34.27531,34.1805,-0.27661,0.9758,0.97728,0.15167,0.99522,0.99389,-0.13364
Case_12-07,gauss,1,1.4,8,34.27531,33.9385,-0.98266,0.9758,0.9756,-0.0205,0.99522,0.99296,-0.22709
Case_12-07,gauss,1,1.7,10,34.27531,33.26886,-2.93637,0.9758,0.97197,-0.3925,0.99522,0.99095,-0.42905
Case_12-07,gauss,1,2,12,34.27531,32.4002,-5.47073,0.9758,0.9671,-0.89158,0.99522,0.98806,-0.71944
Case_12-08,gauss,1,0.4,2,34.35927,24.58702,-28.44138,0.97891,0.92459,-5.54903,0.99574,0.94055,-5.54261
Case_12-08,gauss,1,0.7,4,34.35927,33.74666,-1.78295,0.97891,0.97871,-0.02043,0.99574,0.99401,-0.17374
Case_12-08,gauss,1,1.1,6,34.35927,34.40595,0.13586,0.97891,0.98056,0.16855,0.99574,0.9948,-0.0944
Case_12-08,gauss,1,1.4,8,34.35927,34.20884,-0.43781,0.97891,0.9794,0.05006,0.99574,0.99404,-0.17073
Case_12-08,gauss,1,1.7,10,34.35927,33.59014,-2.23849,0.97891,0.97664,-0.23189,0.99574,0.99237,-0.33844
Case_12-08,gauss,1,2,12,34.35927,32.75642,-4.66497,0.97891,0.97281,-0.62314,0.99574,0.98994,-0.58248
Case_12-09,gauss,1,0.4,2,34.45769,24.67491,-28.3907,0.98045,0.92863,-5.28533,0.99547,0.93728,-5.84548
Case_12-09,gauss,1,0.7,4,34.45769,33.78127,-1.96305,0.98045,0.98003,-0.04284,0.99547,0.99353,-0.19488
Case_12-09,gauss,1,1.1,6,34.45769,34.45027,-0.02153,0.98045,0.9819,0.14789,0.99547,0.99445,-0.10246
Case_12-09,gauss,1,1.4,8,34.45769,34.23085,-0.65831,0.98045,0.98095,0.051,0.99547,0.99365,-0.18283
Case_12-09,gauss,1,1.7,10,34.45769,33.5945,-2.50507,0.98045,0.97854,-0.19481,0.99547,0.99187,-0.36164
Case_12-09,gauss,1,2,12,34.45769,32.7484,-4.96055,0.98045,0.97512,-0.54363,0.99547,0.98929,-0.62081
Case_12-10,gauss,1,0.4,2,34.4184,24.33229,-29.30441,0.97981,0.9249,-5.60415,0.99712,0.95132,-4.59323
Case_12-10,gauss,1,0.7,4,34.4184,33.38321,-3.00766,0.97981,0.9788,-0.10308,0.99712,0.99499,-0.21362
Case_12-10,gauss,1,1.1,6,34.4184,34.49886,0.23377,0.97981,0.98229,0.25311,0.99712,0.99623,-0.08926
Case_12-10,gauss,1,1.4,8,34.4184,34.66641,0.72057,0.97981,0.98294,0.31945,0.99712,0.99609,-0.1033
Case_12-10,gauss,1,1.7,10,34.4184,34.43715,0.05448,0.97981,0.98244,0.26842,0.99712,0.99538,-0.1745
Case_12-10,gauss,1,2,12,34.4184,33.88511,-1.54943,0.97981,0.98101,0.12247,0.99712,0.99416,-0.29685
Case_12-11,gauss,1,0.4,2,34.36496,23.64419,-31.19681,0.97964,0.91739,-6.35438,0.99691,0.94478,-5.22916
Case_12-11,gauss,1,0.7,4,34.36496,33.12418,-3.6106,0.97964,0.978,-0.16741,0.99691,0.99452,-0.23974
Case_12-11,gauss,1,1.1,6,34.36496,34.09183,-0.79479,0.97964,0.98068,0.10616,0.99691,0.99567,-0.12438
Case_12-11,gauss,1,1.4,8,34.36496,33.93649,-1.24682,0.97964,0.97997,0.03369,0.99691,0.99514,-0.17755
Case_12-11,gauss,1,1.7,10,34.36496,33.33205,-3.00571,0.97964,0.97768,-0.20007,0.99691,0.99385,-0.30695
Case_12-11,gauss,1,2,12,34.36496,32.48253,-5.47776,0.97964,0.97428,-0.54714,0.99691,0.99189,-0.50356
Case_12-12,gauss,1,0.4,2,34.4456,24.55732,-28.70695,0.97563,0.92365,-5.32784,0.99667,0.9514,-4.54213
Case_12-12,gauss,1,0.7,4,34.4456,33.64139,-2.33472,0.97563,0.97569,0.00615,0.99667,0.99495,-0.17257
Case_12-12,gauss,1,1.1,6,34.4456,34.46204,0.04773,0.97563,0.97816,0.25932,0.99667,0.99584,-0.08328
Case_12-12,gauss,1,1.4,8,34.4456,34.34148,-0.30227,0.97563,0.97743,0.1845,0.99667,0.99534,-0.13344
Case_12-12,gauss,1,1.7,10,34.4456,33.79413,-1.8913,0.97563,0.97513,-0.05125,0.99667,0.99412,-0.25585
Case_12-12,gauss,1,2,12,34.4456,33.0095,-4.16918,0.97563,0.97177,-0.39564,0.99667,0.9923,-0.43846
Case_13-01,gauss,1,0.4,2,33.57345,24.6986,-26.43413,0.96389,0.90978,-5.61371,0.99282,0.91887,-7.44848
Case_13-01,gauss,1,0.7,4,33.57345,33.07335,-1.48957,0.96389,0.96522,0.13798,0.99282,0.99,-0.28404
Case_13-01,gauss,1,1.1,6,33.57345,33.42859,-0.43147,0.96389,0.9666,0.28115,0.99282,0.9903,-0.25382
Case_13-01,gauss,1,1.4,8,33.57345,32.82025,-2.24344,0.96389,0.96224,-0.17118,0.99282,0.98751,-0.53484
Case_13-01,gauss,1,1.7,10,33.57345,31.78169,-5.33684,0.96389,0.95435,-0.98974,0.99282,0.98239,-1.05054
Case_13-01,gauss,1,2,12,33.57345,30.65849,-8.68234,0.96389,0.94433,-2.02928,0.99282,0.97544,-1.75057
Case_13-02,gauss,1,0.4,2,33.5893,24.15024,-28.10139,0.9619,0.89907,-6.53186,0.99238,0.90521,-8.78393
Case_13-02,gauss,1,0.7,4,33.5893,32.90701,-2.03127,0.9619,0.96234,0.04574,0.99238,0.98882,-0.35873
Case_13-02,gauss,1,1.1,6,33.5893,33.25788,-0.98668,0.9619,0.96343,0.15906,0.99238,0.98928,-0.31238
Case_13-02,gauss,1,1.4,8,33.5893,32.55681,-3.07387,0.9619,0.95776,-0.4304,0.99238,0.98603,-0.63988
Case_13-02,gauss,1,1.7,10,33.5893,31.42017,-6.4578,0.9619,0.94775,-1.47105,0.99238,0.97999,-1.24851
Case_13-02,gauss,1,2,12,33.5893,30.22618,-10.01247,0.9619,0.93509,-2.78719,0.99238,0.97174,-2.07985
Case_13-03,gauss,1,0.4,2,33.76697,24.13039,-28.53848,0.96532,0.90419,-6.33262,0.99229,0.89984,-9.31683
Case_13-03,gauss,1,0.7,4,33.76697,32.9881,-2.3066,0.96532,0.96538,0.00622,0.99229,0.98818,-0.41419
Case_13-03,gauss,1,1.1,6,33.76697,33.40544,-1.07066,0.96532,0.96687,0.16057,0.99229,0.98891,-0.34063
Case_13-03,gauss,1,1.4,8,33.76697,32.78117,-2.91942,0.96532,0.96227,-0.31596,0.99229,0.98596,-0.63792
Case_13-03,gauss,1,1.7,10,33.76697,31.68062,-6.17867,0.96532,0.95375,-1.19857,0.99229,0.9802,-1.21839
Case_13-03,gauss,1,2,12,33.76697,30.48141,-9.7301,0.96532,0.94269,-2.3443,0.99229,0.9721,-2.03469
Case_13-04,gauss,1,0.4,2,34.31747,24.1789,-29.54347,0.96192,0.89739,-6.70846,0.9925,0.89426,-9.89824
Case_13-04,gauss,1,0.7,4,34.31747,33.79997,-1.50798,0.96192,0.96382,0.19752,0.9925,0.9898,-0.27204
Case_13-04,gauss,1,1.1,6,34.31747,34.37046,0.15441,0.96192,0.96651,0.47717,0.9925,0.99063,-0.18841
Case_13-04,gauss,1,1.4,8,34.31747,33.96821,-1.01773,0.96192,0.96382,0.19752,0.9925,0.98847,-0.40605
Case_13-04,gauss,1,1.7,10,34.31747,33.13531,-3.44478,0.96192,0.95811,-0.39608,0.9925,0.98441,-0.81511
Case_13-04,gauss,1,2,12,34.31747,32.16454,-6.27357,0.96192,0.95052,-1.18513,0.9925,0.9789,-1.37028
Case_13-05,gauss,1,0.4,2,34.04268,25.36524,-25.48989,0.96448,0.9198,-4.63255,0.99084,0.90326,-8.83896
Case_13-05,gauss,1,0.7,4,34.04268,33.67479,-1.08067,0.96448,0.96684,0.24469,0.99084,0.98787,-0.29975
Case_13-05,gauss,1,1.1,6,34.04268,34.19035,0.43378,0.96448,0.96904,0.47279,0.99084,0.98872,-0.21396
Case_13-05,gauss,1,1.4,8,34.04268,33.84302,-0.5865,0.96448,0.96676,0.2364,0.99084,0.98633,-0.45517
Case_13-05,gauss,1,1.7,10,34.04268,33.08329,-2.8182,0.96448,0.96196,-0.26128,0.99084,0.9818,-0.91236
Case_13-05,gauss,1,2,12,34.04268,32.1672,-5.5092,0.96448,0.9556,-0.9207,0.99084,0.97561,-1.53708
Case_13-06,gauss,1,0.4,2,33.80444,24.51369,-27.48382,0.96775,0.9103,-5.93645,0.99244,0.90949,-8.35819
Case_13-06,gauss,1,0.7,4,33.80444,33.20222,-1.78148,0.96775,0.96818,0.04443,0.99244,0.98927,-0.31941
Case_13-06,gauss,1,1.1,6,33.80444,33.54583,-0.76502,0.96775,0.96926,0.15603,0.99244,0.98979,-0.26702
Case_13-06,gauss,1,1.4,8,33.80444,32.90263,-2.66773,0.96775,0.96486,-0.29863,0.99244,0.987,-0.54814
Case_13-06,gauss,1,1.7,10,33.80444,31.81104,-5.89686,0.96775,0.95694,-1.11702,0.99244,0.98163,-1.08923
Case_13-06,gauss,1,2,12,33.80444,30.63344,-9.38042,0.96775,0.94684,-2.16068,0.99244,0.97418,-1.83991
Case_13-07,gauss,1,0.4,2,33.52001,24.95867,-25.54098,0.96367,0.91298,-5.2601,0.99169,0.91237,-7.99847
Case_13-07,gauss,1,0.7,4,33.52001,33.18632,-0.99549,0.96367,0.96568,0.20858,0.99169,0.98903,-0.26823
Case_13-07,gauss,1,1.1,6,33.52001,33.58326,0.18869,0.96367,0.9675,0.39744,0.99169,0.9893,-0.241
Case_13-07,gauss,1,1.4,8,33.52001,33.05583,-1.38478,0.96367,0.96389,0.02283,0.99169,0.98626,-0.54755
Case_13-07,gauss,1,1.7,10,33.52001,32.12056,-4.17497,0.96367,0.95716,-0.67554,0.99169,0.98088,-1.09006
Case_13-07,gauss,1,2,12,33.52001,31.09039,-7.24827,0.96367,0.94861,-1.56278,0.99169,0.97375,-1.80903
Case_13-10,gauss,1,0.4,2,33.76461,24.12946,-28.53624,0.95925,0.89678,-6.51238,0.99302,0.90773,-8.58895
Case_13-10,gauss,1,0.7,4,33.76461,33.16819,-1.76641,0.95925,0.96117,0.20016,0.99302,0.9899,-0.31419
Case_13-10,gauss,1,1.1,6,33.76461,33.71391,-0.15016,0.95925,0.96372,0.46599,0.99302,0.99063,-0.24068
Case_13-10,gauss,1,1.4,8,33.76461,33.26224,-1.48786,0.95925,0.9602,0.09904,0.99302,0.98835,-0.47028
Case_13-10,gauss,1,1.7,10,33.76461,32.32133,-4.27453,0.95925,0.95299,-0.65259,0.99302,0.98392,-0.9164
Case_13-10,gauss,1,2,12,33.76461,31.23009,-7.50644,0.95925,0.94338,-1.65442,0.99302,0.97773,-1.53975
Case_13-11,gauss,1,0.4,2,33.58206,23.94937,-28.68404,0.95982,0.8974,-6.5033,0.99369,0.91619,-7.79921
Case_13-11,gauss,1,0.7,4,33.58206,32.81692,-2.27842,0.95982,0.9611,0.13336,0.99369,0.99022,-0.3492
Case_13-11,gauss,1,1.1,6,33.58206,33.30675,-0.81981,0.95982,0.96309,0.34069,0.99369,0.99084,-0.28681
Case_13-11,gauss,1,1.4,8,33.58206,32.75468,-2.46376,0.95982,0.95858,-0.12919,0.99369,0.98852,-0.52028
Case_13-11,gauss,1,1.7,10,33.58206,31.67985,-5.66436,0.95982,0.94988,-1.03561,0.99369,0.98386,-0.98924
Case_13-11,gauss,1,2,12,33.58206,30.47292,-9.25834,0.95982,0.93843,-2.22854,0.99369,0.97726,-1.65343
Case_13-12,gauss,1,0.4,2,34.23288,22.22512,-35.07669,0.96451,0.86763,-10.04448,0.99544,0.89835,-9.75348
Case_13-12,gauss,1,0.7,4,34.23288,32.84637,-4.05023,0.96451,0.96227,-0.23224,0.99544,0.99159,-0.38676
Case_13-12,gauss,1,1.1,6,34.23288,33.57578,-1.9195,0.96451,0.96514,0.06532,0.99544,0.99289,-0.25617
Case_13-12,gauss,1,1.4,8,34.23288,33.16348,-3.1239,0.96451,0.96181,-0.27993,0.99544,0.99159,-0.38676
Case_13-12,gauss,1,1.7,10,34.23288,32.19198,-5.96181,0.96451,0.95453,-1.03472,0.99544,0.98855,-0.69216
Case_13-12,gauss,1,2,12,34.23288,31.01715,-9.39369,0.96451,0.9444,-2.085,0.99544,0.98396,-1.15326
Case_14-01,gauss,1,0.4,2,34.442,22.36647,-35.06048,0.94733,0.83888,-11.44796,0.99254,0.84817,-14.54551
Case_14-01,gauss,1,0.7,4,34.442,33.20291,-3.59761,0.94733,0.94663,-0.07389,0.99254,0.98758,-0.49973
Case_14-01,gauss,1,1.1,6,34.442,34.35015,-0.26668,0.94733,0.95156,0.44652,0.99254,0.99071,-0.18438
Case_14-01,gauss,1,1.4,8,34.442,34.25924,-0.53063,0.94733,0.94954,0.23329,0.99254,0.98985,-0.27102
Case_14-01,gauss,1,1.7,10,34.442,33.73685,-2.04735,0.94733,0.94405,-0.34624,0.99254,0.98759,-0.49872
Case_14-01,gauss,1,2,12,34.442,32.94217,-4.35465,0.94733,0.93602,-1.19388,0.99254,0.98405,-0.85538
Case_14-02,gauss,1,0.4,2,34.2478,23.20537,-32.24274,0.94143,0.84981,-9.732,0.99226,0.87938,-11.37605
Case_14-02,gauss,1,0.7,4,34.2478,33.17701,-3.12659,0.94143,0.94235,0.09772,0.99226,0.98803,-0.4263
Case_14-02,gauss,1,1.1,6,34.2478,34.04883,-0.58097,0.94143,0.94506,0.38558,0.99226,0.99011,-0.21668
Case_14-02,gauss,1,1.4,8,34.2478,33.74216,-1.47642,0.94143,0.93962,-0.19226,0.99226,0.9886,-0.36885
Case_14-02,gauss,1,1.7,10,34.2478,33.01587,-3.59711,0.94143,0.92981,-1.23429,0.99226,0.98552,-0.67926
Case_14-02,gauss,1,2,12,34.2478,32.10059,-6.26963,0.94143,0.91721,-2.57268,0.99226,0.98113,-1.12168
Case_14-03,gauss,1,0.4,2,34.34059,22.6846,-33.94231,0.95075,0.85287,-10.29503,0.99383,0.88737,-10.71209
Case_14-03,gauss,1,0.7,4,34.34059,33.11525,-3.5682,0.95075,0.95024,-0.05364,0.99383,0.99003,-0.38236
Case_14-03,gauss,1,1.1,6,34.34059,34.02599,-0.91612,0.95075,0.95355,0.2945,0.99383,0.99185,-0.19923
Case_14-03,gauss,1,1.4,8,34.34059,33.72741,-1.78558,0.95075,0.94947,-0.13463,0.99383,0.99063,-0.32199
Case_14-03,gauss,1,1.7,10,34.34059,33.00067,-3.90185,0.95075,0.94163,-0.95924,0.99383,0.9881,-0.57656
Case_14-03,gauss,1,2,12,34.34059,32.08546,-6.56695,0.95075,0.93146,-2.02892,0.99383,0.98451,-0.93779
Case_14-04,gauss,1,0.4,2,34.80773,22.76481,-34.59841,0.9749,0.88796,-8.91784,0.99318,0.87993,-11.40277
Case_14-04,gauss,1,0.7,4,34.80773,33.16515,-4.71901,0.9749,0.97209,-0.28823,0.99318,0.98817,-0.50444
Case_14-04,gauss,1,1.1,6,34.80773,34.29058,-1.48573,0.9749,0.97491,0.00103,0.99318,0.99106,-0.21346
Case_14-04,gauss,1,1.4,8,34.80773,33.9072,-2.58716,0.9749,0.97255,-0.24105,0.99318,0.98979,-0.34133
Case_14-04,gauss,1,1.7,10,34.80773,33.12115,-4.84542,0.9749,0.96801,-0.70674,0.99318,0.98712,-0.61016
Case_14-04,gauss,1,2,12,34.80773,32.17676,-7.55858,0.9749,0.96213,-1.30988,0.99318,0.98331,-0.99378
Case_14-05,gauss,1,0.4,2,34.2199,22.70788,-33.6413,0.952,0.85996,-9.66807,0.99475,0.90176,-9.34808
Case_14-05,gauss,1,0.7,4,34.2199,32.74824,-4.3006,0.952,0.95105,-0.09979,0.99475,0.99064,-0.41317
Case_14-05,gauss,1,1.1,6,34.2199,33.83741,-1.11774,0.952,0.95506,0.32143,0.99475,0.99272,-0.20407
Case_14-05,gauss,1,1.4,8,34.2199,33.61235,-1.77543,0.952,0.95159,-0.04307,0.99475,0.99176,-0.30058
Case_14-05,gauss,1,1.7,10,34.2199,32.93523,-3.75416,0.952,0.94451,-0.78676,0.99475,0.98964,-0.5137
Case_14-05,gauss,1,2,12,34.2199,32.03162,-6.39476,0.952,0.93503,-1.78256,0.99475,0.98652,-0.82734
Case_14-06,gauss,1,0.4,2,34.3207,23.29076,-32.13786,0.96559,0.8847,-8.37726,0.99349,0.89548,-9.86522
Case_14-06,gauss,1,0.7,4,34.3207,33.16578,-3.36508,0.96559,0.96434,-0.12945,0.99349,0.98964,-0.38752
Case_14-06,gauss,1,1.1,6,34.3207,34.06235,-0.75275,0.96559,0.96723,0.16984,0.99349,0.99154,-0.19628
Case_14-06,gauss,1,1.4,8,34.3207,33.78342,-1.56547,0.96559,0.96464,-0.09839,0.99349,0.99036,-0.31505
Case_14-06,gauss,1,1.7,10,34.3207,33.06734,-3.65191,0.96559,0.95933,-0.64831,0.99349,0.98779,-0.57374
Case_14-06,gauss,1,2,12,34.3207,32.14231,-6.34716,0.96559,0.9522,-1.38672,0.99349,0.98403,-0.9522
Case_14-07,gauss,1,0.4,2,34.16911,23.17629,-32.17181,0.95478,0.86476,-9.42835,0.99208,0.87823,-11.47589
Case_14-07,gauss,1,0.7,4,34.16911,33.1816,-2.89007,0.95478,0.95405,-0.07646,0.99208,0.98825,-0.38606
Case_14-07,gauss,1,1.1,6,34.16911,33.90675,-0.76783,0.95478,0.95604,0.13197,0.99208,0.98987,-0.22276
Case_14-07,gauss,1,1.4,8,34.16911,33.49807,-1.96388,0.95478,0.95101,-0.39486,0.99208,0.98802,-0.40924
Case_14-07,gauss,1,1.7,10,34.16911,32.67702,-4.36678,0.95478,0.94226,-1.3113,0.99208,0.98449,-0.76506
Case_14-07,gauss,1,2,12,34.16911,31.70493,-7.21172,0.95478,0.93126,-2.46339,0.99208,0.97959,-1.25897
Case_14-08,gauss,1,0.4,2,34.39158,23.28046,-32.30768,0.96112,0.87564,-8.89379,0.99324,0.88473,-10.92485
Case_14-08,gauss,1,0.7,4,34.39158,33.28511,-3.21727,0.96112,0.96026,-0.08948,0.99324,0.98929,-0.39769
Case_14-08,gauss,1,1.1,6,34.39158,34.21495,-0.51359,0.96112,0.96358,0.25595,0.99324,0.99135,-0.19029
Case_14-08,gauss,1,1.4,8,34.39158,33.95979,-1.25551,0.96112,0.96079,-0.03433,0.99324,0.99012,-0.31412
Case_14-08,gauss,1,1.7,10,34.39158,33.26843,-3.26577,0.96112,0.95496,-0.64092,0.99324,0.98749,-0.57891
Case_14-08,gauss,1,2,12,34.39158,32.36703,-5.88676,0.96112,0.94714,-1.45455,0.99324,0.98367,-0.96351
Case_14-09,gauss,1,0.4,2,34.31206,23.18735,-32.42216,0.95367,0.86168,-9.64589,0.99354,0.88942,-10.4797
Case_14-09,gauss,1,0.7,4,34.31206,33.28014,-3.00746,0.95367,0.95322,-0.04719,0.99354,0.9901,-0.34624
Case_14-09,gauss,1,1.1,6,34.31206,34.08983,-0.64767,0.95367,0.95597,0.24117,0.99354,0.99161,-0.19425
Case_14-09,gauss,1,1.4,8,34.31206,33.76819,-1.58507,0.95367,0.95155,-0.2223,0.99354,0.99021,-0.33517
Case_14-09,gauss,1,1.7,10,34.31206,33.02391,-3.75422,0.95367,0.94338,-1.07899,0.99354,0.98744,-0.61397
Case_14-09,gauss,1,2,12,34.31206,32.10342,-6.43692,0.95367,0.9329,-2.1779,0.99354,0.98357,-1.00348
Case_14-11,gauss,1,0.4,2,34.34804,22.86766,-33.42368,0.94667,0.84735,-10.49151,0.99126,0.85906,-13.33656
Case_14-11,gauss,1,0.7,4,34.34804,33.3397,-2.93566,0.94667,0.94672,0.00528,0.99126,0.98701,-0.42875
Case_14-11,gauss,1,1.1,6,34.34804,34.09171,-0.74627,0.94667,0.94893,0.23873,0.99126,0.98896,-0.23203
Case_14-11,gauss,1,1.4,8,34.34804,33.73752,-1.77745,0.94667,0.94355,-0.32958,0.99126,0.98726,-0.40353
Case_14-11,gauss,1,1.7,10,34.34804,32.95622,-4.05211,0.94667,0.93398,-1.34049,0.99126,0.98378,-0.7546
Case_14-11,gauss,1,2,12,34.34804,31.99717,-6.84426,0.94667,0.92176,-2.63133,0.99126,0.9788,-1.25699
Case_14-12,gauss,1,0.4,2,34.55142,22.98678,-33.47081,0.945,0.84845,-10.21693,0.99223,0.86861,-12.4588
Case_14-12,gauss,1,0.7,4,34.55142,33.49935,-3.04494,0.945,0.94557,0.06032,0.99223,0.98821,-0.40515
Case_14-12,gauss,1,1.1,6,34.55142,34.28665,-0.76631,0.945,0.94787,0.3037,0.99223,0.99009,-0.21568
Case_14-12,gauss,1,1.4,8,34.55142,33.93603,-1.78108,0.945,0.94231,-0.28466,0.99223,0.98854,-0.37189
Case_14-12,gauss,1,1.7,10,34.55142,33.16675,-4.00756,0.945,0.93252,-1.32063,0.99223,0.98541,-0.68734
Case_14-12,gauss,1,2,12,34.55142,32.22856,-6.72291,0.945,0.92021,-2.62328,0.99223,0.981,-1.13179
Case_15-02,gauss,1,0.4,2,35.3369,22.87027,-35.27935,0.96136,0.87931,-8.53478,0.99585,0.88979,-10.6502
Case_15-02,gauss,1,0.7,4,35.3369,33.40561,-5.46536,0.96136,0.96011,-0.13002,0.99585,0.99106,-0.481
Case_15-02,gauss,1,1.1,6,35.3369,35.31656,-0.05756,0.96136,0.9664,0.52426,0.99585,0.99489,-0.0964
Case_15-02,gauss,1,1.4,8,35.3369,35.34788,0.03107,0.96136,0.9667,0.55546,0.99585,0.99463,-0.12251
Case_15-02,gauss,1,1.7,10,35.3369,34.99134,-0.9779,0.96136,0.96506,0.38487,0.99585,0.99366,-0.21991
Case_15-02,gauss,1,2,12,35.3369,34.35228,-2.78638,0.96136,0.96192,0.05825,0.99585,0.99204,-0.38259
Case_15-03,gauss,1,0.4,2,34.43088,22.93281,-33.39464,0.95609,0.87774,-8.19484,0.99569,0.90487,-9.12131
Case_15-03,gauss,1,0.7,4,34.43088,32.97142,-4.23881,0.95609,0.95588,-0.02196,0.99569,0.99173,-0.39771
Case_15-03,gauss,1,1.1,6,34.43088,34.32572,-0.30542,0.95609,0.96174,0.59095,0.99569,0.99424,-0.14563
Case_15-03,gauss,1,1.4,8,34.43088,34.26199,-0.49052,0.95609,0.96137,0.55225,0.99569,0.99365,-0.20488
Case_15-03,gauss,1,1.7,10,34.43088,33.73517,-2.0206,0.95609,0.95834,0.23533,0.99569,0.99208,-0.36256
Case_15-03,gauss,1,2,12,34.43088,32.91364,-4.40663,0.95609,0.95324,-0.29809,0.99569,0.98961,-0.61063
Case_15-04,gauss,1,0.4,2,35.19731,22.68271,-35.55556,0.96189,0.87439,-9.09667,0.99553,0.88098,-11.50643
Case_15-04,gauss,1,0.7,4,35.19731,33.93021,-3.59999,0.96189,0.9618,-0.00936,0.99553,0.99221,-0.33349
Case_15-04,gauss,1,1.1,6,35.19731,35.48472,0.81657,0.96189,0.96728,0.56036,0.99553,0.99504,-0.04922
Case_15-04,gauss,1,1.4,8,35.19731,35.48841,0.82705,0.96189,0.96738,0.57075,0.99553,0.99464,-0.0894
Case_15-04,gauss,1,1.7,10,35.19731,35.13821,-0.16791,0.96189,0.96565,0.3909,0.99553,0.99356,-0.19788
Case_15-04,gauss,1,2,12,35.19731,34.54866,-1.8429,0.96189,0.96262,0.07589,0.99553,0.9919,-0.36463
Case_15-05,gauss,1,0.4,2,35.45884,23.13224,-34.76312,0.96881,0.8894,-8.19665,0.99494,0.87271,-12.28516
Case_15-05,gauss,1,0.7,4,35.45884,34.20134,-3.54637,0.96881,0.96836,-0.04645,0.99494,0.9913,-0.36585
Case_15-05,gauss,1,1.1,6,35.45884,35.78497,0.91974,0.96881,0.97316,0.449,0.99494,0.99457,-0.03719
Case_15-05,gauss,1,1.4,8,35.45884,35.77994,0.90556,0.96881,0.97327,0.46036,0.99494,0.99416,-0.0784
Case_15-05,gauss,1,1.7,10,35.45884,35.43601,-0.06438,0.96881,0.97186,0.31482,0.99494,0.99303,-0.19197
Case_15-05,gauss,1,2,12,35.45884,34.86165,-1.68418,0.96881,0.96939,0.05987,0.99494,0.9913,-0.36585
Case_15-06,gauss,1,0.4,2,35.42647,23.85264,-32.67001,0.9703,0.90165,-7.07513,0.99314,0.85923,-13.4835
Case_15-06,gauss,1,0.7,4,35.42647,34.69183,-2.0737,0.9703,0.97079,0.0505,0.99314,0.99018,-0.29804
Case_15-06,gauss,1,1.1,6,35.42647,35.81618,1.10005,0.9703,0.97435,0.4174,0.99314,0.99288,-0.02618
Case_15-06,gauss,1,1.4,8,35.42647,35.7726,0.97704,0.9703,0.97407,0.38854,0.99314,0.99228,-0.08659
Case_15-06,gauss,1,1.7,10,35.42647,35.39936,-0.07652,0.9703,0.97236,0.21231,0.99314,0.99076,-0.23964
Case_15-06,gauss,1,2,12,35.42647,34.81222,-1.73387,0.9703,0.96966,-0.06596,0.99314,0.98849,-0.46821
Case_15-07,gauss,1,0.4,2,35.54231,22.94528,-35.44235,0.97549,0.89635,-8.11285,0.99454,0.85055,-14.47805
Case_15-07,gauss,1,0.7,4,35.54231,33.79677,-4.91116,0.97549,0.9731,-0.24501,0.99454,0.98856,-0.60128
Case_15-07,gauss,1,1.1,6,35.54231,35.9302,1.09135,0.97549,0.97896,0.35572,0.99454,0.9941,-0.04424
Case_15-07,gauss,1,1.4,8,35.54231,36.04962,1.42734,0.97549,0.97974,0.43568,0.99454,0.99385,-0.06938
Case_15-07,gauss,1,1.7,10,35.54231,35.85126,0.86925,0.97549,0.97935,0.3957,0.99454,0.99289,-0.16591
Case_15-07,gauss,1,2,12,35.54231,35.39166,-0.42386,0.97549,0.97803,0.26038,0.99454,0.99127,-0.3288
Case_15-08,gauss,1,0.4,2,35.28625,23.09503,-34.54949,0.97068,0.89276,-8.02736,0.99445,0.8642,-13.09769
Case_15-08,gauss,1,0.7,4,35.28625,34.19457,-3.09378,0.97068,0.97019,-0.05048,0.99445,0.99077,-0.37005
Case_15-08,gauss,1,1.1,6,35.28625,35.67354,1.09757,0.97068,0.97508,0.45329,0.99445,0.99397,-0.04827
Case_15-08,gauss,1,1.4,8,35.28625,35.69565,1.16023,0.97068,0.97559,0.50583,0.99445,0.99344,-0.10156
Case_15-08,gauss,1,1.7,10,35.28625,35.35595,0.19753,0.97068,0.97458,0.40178,0.99445,0.99205,-0.24134
Case_15-08,gauss,1,2,12,35.28625,34.76843,-1.46748,0.97068,0.97246,0.18338,0.99445,0.98992,-0.45553
Case_15-09,gauss,1,0.4,2,34.81071,22.9479,-34.07805,0.96569,0.88175,-8.69223,0.99541,0.89126,-10.46303
Case_15-09,gauss,1,0.7,4,34.81071,33.73907,-3.07848,0.96569,0.96544,-0.02589,0.99541,0.99241,-0.30138
Case_15-09,gauss,1,1.1,6,34.81071,35.0014,0.54779,0.96569,0.9704,0.48773,0.99541,0.99465,-0.07635
Case_15-09,gauss,1,1.4,8,34.81071,34.96791,0.45159,0.96569,0.97042,0.48981,0.99541,0.99411,-0.1306
Case_15-09,gauss,1,1.7,10,34.81071,34.53225,-0.79993,0.96569,0.96846,0.28684,0.99541,0.99273,-0.26924
Case_15-09,gauss,1,2,12,34.81071,33.83463,-2.80396,0.96569,0.96505,-0.06627,0.99541,0.99062,-0.48121
Case_15-10,gauss,1,0.4,2,34.38495,23.38319,-31.99586,0.96975,0.89657,-7.54627,0.99432,0.88219,-11.27705
Case_15-10,gauss,1,0.7,4,34.38495,33.68378,-2.03918,0.96975,0.96956,-0.01959,0.99432,0.99128,-0.30574
Case_15-10,gauss,1,1.1,6,34.38495,34.76645,1.1095,0.96975,0.97397,0.43516,0.99432,0.99344,-0.0885
Case_15-10,gauss,1,1.4,8,34.38495,34.7449,1.04682,0.96975,0.97428,0.46713,0.99432,0.99263,-0.16997
Case_15-10,gauss,1,1.7,10,34.38495,34.30223,-0.24057,0.96975,0.9728,0.31451,0.99432,0.9907,-0.36407
Case_15-10,gauss,1,2,12,34.38495,33.57941,-2.34271,0.96975,0.96994,0.01959,0.99432,0.98775,-0.66075
Case_15-11,gauss,1,0.4,2,34.10104,23.62968,-30.70686,0.96451,0.89528,-7.17774,0.99425,0.89389,-10.09404
Case_15-11,gauss,1,0.7,4,34.10104,33.4048,-2.0417,0.96451,0.96505,0.05599,0.99425,0.99118,-0.30878
Case_15-11,gauss,1,1.1,6,34.10104,34.39861,0.87261,0.96451,0.96956,0.52358,0.99425,0.99309,-0.11667
Case_15-11,gauss,1,1.4,8,34.10104,34.3202,0.64268,0.96451,0.96933,0.49974,0.99425,0.99218,-0.2082
Case_15-11,gauss,1,1.7,10,34.10104,33.78206,-0.9354,0.96451,0.96683,0.24054,0.99425,0.98999,-0.42846
Case_15-11,gauss,1,2,12,34.10104,32.96248,-3.33878,0.96451,0.9626,-0.19803,0.99425,0.98666,-0.76339
Case_15-12,gauss,1,0.4,2,35.40431,23.16228,-34.5778,0.97183,0.89846,-7.54967,0.99591,0.89228,-10.40556
Case_15-12,gauss,1,0.7,4,35.40431,33.77635,-4.5982,0.97183,0.97038,-0.1492,0.99591,0.99194,-0.39863
Case_15-12,gauss,1,1.1,6,35.40431,35.56881,0.46463,0.97183,0.97564,0.39204,0.99591,0.99526,-0.06527
Case_15-12,gauss,1,1.4,8,35.40431,35.61509,0.59535,0.97183,0.97613,0.44246,0.99591,0.99499,-0.09238
Case_15-12,gauss,1,1.7,10,35.40431,35.29841,-0.29912,0.97183,0.97521,0.3478,0.99591,0.99407,-0.18476
Case_15-12,gauss,1,2,12,35.40431,34.7129,-1.9529,0.97183,0.97323,0.14406,0.99591,0.99256,-0.33638
Case_16-01,gauss,1,0.4,2,35.23215,22.55547,-35.98043,0.95219,0.86126,-9.54956,0.99543,0.88218,-11.37699
Case_16-01,gauss,1,0.7,4,35.23215,34.06371,-3.3164,0.95219,0.95293,0.07772,0.99543,0.99227,-0.31745
Case_16-01,gauss,1,1.1,6,35.23215,35.29878,0.18912,0.95219,0.95846,0.65848,0.99543,0.99444,-0.09945
Case_16-01,gauss,1,1.4,8,35.23215,35.21589,-0.04615,0.95219,0.95861,0.67424,0.99543,0.99385,-0.15873
Case_16-01,gauss,1,1.7,10,35.23215,34.73345,-1.41547,0.95219,0.95658,0.46104,0.99543,0.99239,-0.3054
Case_16-01,gauss,1,2,12,35.23215,34.01716,-3.44853,0.95219,0.95293,0.07772,0.99543,0.99022,-0.52339
Case_16-02,gauss,1,0.4,2,35.1502,22.99632,-34.57699,0.96328,0.88346,-8.28627,0.99525,0.88594,-10.98317
Case_16-02,gauss,1,0.7,4,35.1502,34.08305,-3.03597,0.96328,0.96375,0.04879,0.99525,0.99213,-0.31349
Case_16-02,gauss,1,1.1,6,35.1502,35.43202,0.80176,0.96328,0.96884,0.57719,0.99525,0.99461,-0.06431
Case_16-02,gauss,1,1.4,8,35.1502,35.43822,0.8194,0.96328,0.96934,0.6291,0.99525,0.99415,-0.11052
Case_16-02,gauss,1,1.7,10,35.1502,35.05887,-0.25983,0.96328,0.96812,0.50245,0.99525,0.99288,-0.23813
Case_16-02,gauss,1,2,12,35.1502,34.425,-2.06315,0.96328,0.96566,0.24707,0.99525,0.99093,-0.43406
Case_16-03,gauss,1,0.4,2,35.05868,23.25167,-33.67785,0.95695,0.87758,-8.29406,0.99474,0.89314,-10.21372
Case_16-03,gauss,1,0.7,4,35.05868,34.19309,-2.46897,0.95695,0.95827,0.13794,0.99474,0.99219,-0.25635
Case_16-03,gauss,1,1.1,6,35.05868,35.13384,0.21438,0.95695,0.96242,0.57161,0.99474,0.99383,-0.09148
Case_16-03,gauss,1,1.4,8,35.05868,34.92239,-0.38875,0.95695,0.96149,0.47442,0.99474,0.99297,-0.17794
Case_16-03,gauss,1,1.7,10,35.05868,34.3228,-2.099,0.95695,0.95825,0.13585,0.99474,0.99115,-0.3609
Case_16-03,gauss,1,2,12,35.05868,33.53517,-4.3456,0.95695,0.95351,-0.35948,0.99474,0.98856,-0.62127
Case_16-04,gauss,1,0.4,2,35.44654,23.10349,-34.82159,0.95602,0.87679,-8.28748,0.99524,0.88711,-10.86472
Case_16-04,gauss,1,0.7,4,35.44654,34.37255,-3.02989,0.95602,0.95728,0.1318,0.99524,0.99236,-0.28938
Case_16-04,gauss,1,1.1,6,35.44654,35.5823,0.383,0.95602,0.9622,0.64643,0.99524,0.9945,-0.07435
Case_16-04,gauss,1,1.4,8,35.44654,35.49242,0.12943,0.95602,0.96214,0.64015,0.99524,0.99394,-0.13062
Case_16-04,gauss,1,1.7,10,35.44654,35.03734,-1.15441,0.95602,0.96011,0.42782,0.99524,0.99261,-0.26426
Case_16-04,gauss,1,2,12,35.44654,34.36364,-3.05502,0.95602,0.95668,0.06904,0.99524,0.99062,-0.46421
Case_16-05,gauss,1,0.4,2,35.49104,23.64366,-33.38133,0.95546,0.89049,-6.79987,0.99634,0.91581,-8.08258
Case_16-05,gauss,1,0.7,4,35.49104,34.4871,-2.82871,0.95546,0.95709,0.1706,0.99634,0.99405,-0.22984
Case_16-05,gauss,1,1.1,6,35.49104,35.5437,0.14838,0.95546,0.96151,0.6332,0.99634,0.99548,-0.08632
Case_16-05,gauss,1,1.4,8,35.49104,35.48406,-0.01967,0.95546,0.96175,0.65832,0.99634,0.99505,-0.12947
Case_16-05,gauss,1,1.7,10,35.49104,35.02637,-1.30926,0.95546,0.9602,0.4961,0.99634,0.99393,-0.24189
Case_16-05,gauss,1,2,12,35.49104,34.31805,-3.30503,0.95546,0.95724,0.1863,0.99634,0.99218,-0.41753
Case_16-06,gauss,1,0.4,2,34.23666,24.39806,-28.73703,0.96933,0.91292,-5.81948,0.99433,0.91616,-7.86158
Case_16-06,gauss,1,0.7,4,34.23666,33.74044,-1.44938,0.96933,0.97034,0.1042,0.99433,0.99221,-0.21321
Case_16-06,gauss,1,1.1,6,34.23666,34.52725,0.84877,0.96933,0.97368,0.44876,0.99433,0.99346,-0.0875
Case_16-06,gauss,1,1.4,8,34.23666,34.36221,0.36671,0.96933,0.97317,0.39615,0.99433,0.99248,-0.18605
Case_16-06,gauss,1,1.7,10,34.23666,33.77895,-1.3369,0.96933,0.9708,0.15165,0.99433,0.99039,-0.39625
Case_16-06,gauss,1,2,12,34.23666,32.96977,-3.70039,0.96933,0.96714,-0.22593,0.99433,0.98735,-0.70198
Case_16-07,gauss,1,0.4,2,35.16394,23.08616,-34.34706,0.96283,0.88541,-8.04088,0.99587,0.90148,-9.47814
Case_16-07,gauss,1,0.7,4,35.16394,34.06492,-3.12542,0.96283,0.96303,0.02077,0.99587,0.99311,-0.27714
Case_16-07,gauss,1,1.1,6,35.16394,35.27869,0.32633,0.96283,0.96764,0.49957,0.99587,0.99504,-0.08334
Case_16-07,gauss,1,1.4,8,35.16394,35.2344,0.20038,0.96283,0.9678,0.51619,0.99587,0.9946,-0.12753
Case_16-07,gauss,1,1.7,10,35.16394,34.79709,-1.04326,0.96283,0.96621,0.35105,0.99587,0.9934,-0.24802
Case_16-07,gauss,1,2,12,35.16394,34.11213,-2.99116,0.96283,0.96334,0.05297,0.99587,0.99156,-0.43279
Case_16-08,gauss,1,0.4,2,34.39231,24.33934,-29.23028,0.9716,0.91467,-5.85941,0.99307,0.89495,-9.88047
Case_16-08,gauss,1,0.7,4,34.39231,33.9127,-1.39453,0.9716,0.97229,0.07102,0.99307,0.99056,-0.25275
Case_16-08,gauss,1,1.1,6,34.39231,34.71653,0.94271,0.9716,0.97543,0.3942,0.99307,0.9921,-0.09768
Case_16-08,gauss,1,1.4,8,34.39231,34.56987,0.51628,0.9716,0.97484,0.33347,0.99307,0.99095,-0.21348
Case_16-08,gauss,1,1.7,10,34.39231,34.01927,-1.08466,0.9716,0.97247,0.08954,0.99307,0.9885,-0.46019
Case_16-08,gauss,1,2,12,34.39231,33.2451,-3.33566,0.9716,0.96887,-0.28098,0.99307,0.98495,-0.81767
Case_16-09,gauss,1,0.4,2,34.98988,24.54978,-29.83748,0.96798,0.91045,-5.9433,0.99295,0.89194,-10.17272
Case_16-09,gauss,1,0.7,4,34.98988,34.37687,-1.75196,0.96798,0.96916,0.1219,0.99295,0.99024,-0.27292
Case_16-09,gauss,1,1.1,6,34.98988,35.23542,0.70175,0.96798,0.97217,0.43286,0.99295,0.99216,-0.07956
Case_16-09,gauss,1,1.4,8,34.98988,35.07192,0.23447,0.96798,0.97135,0.34815,0.99295,0.9912,-0.17624
Case_16-09,gauss,1,1.7,10,34.98988,34.53483,-1.30052,0.96798,0.9688,0.08471,0.99295,0.98907,-0.39075
Case_16-09,gauss,1,2,12,34.98988,33.7859,-3.44094,0.96798,0.96509,-0.29856,0.99295,0.98595,-0.70497
Case_16-10,gauss,1,0.4,2,35.43826,23.40785,-33.94752,0.96295,0.88055,-8.55704,0.99183,0.83492,-15.82025
Case_16-10,gauss,1,0.7,4,35.43826,35.00609,-1.2195,0.96295,0.96472,0.18381,0.99183,0.98957,-0.22786
Case_16-10,gauss,1,1.1,6,35.43826,35.91549,1.34665,0.96295,0.96836,0.56182,0.99183,0.99186,0.00302
Case_16-10,gauss,1,1.4,8,35.43826,35.82617,1.09461,0.96295,0.96787,0.51093,0.99183,0.99104,-0.07965
Case_16-10,gauss,1,1.7,10,35.43826,35.40863,-0.08361,0.96295,0.96559,0.27416,0.99183,0.98914,-0.27122
Case_16-10,gauss,1,2,12,35.43826,34.79582,-1.81284,0.96295,0.96216,-0.08204,0.99183,0.98637,-0.5505
Case_16-11,gauss,1,0.4,2,34.61062,24.52158,-29.15013,0.97352,0.91751,-5.75335,0.99447,0.91315,-8.17722
Case_16-11,gauss,1,0.7,4,34.61062,34.23195,-1.09409,0.97352,0.97431,0.08115,0.99447,0.99279,-0.16893
Case_16-11,gauss,1,1.1,6,34.61062,35.06884,1.32393,0.97352,0.97745,0.40369,0.99447,0.99406,-0.04123
Case_16-11,gauss,1,1.4,8,34.61062,34.98849,1.09177,0.97352,0.97729,0.38725,0.99447,0.99326,-0.12167
Case_16-11,gauss,1,1.7,10,34.61062,34.53679,-0.21332,0.97352,0.9757,0.22393,0.99447,0.99155,-0.29362
Case_16-11,gauss,1,2,12,34.61062,33.85957,-2.17,0.97352,0.9731,-0.04314,0.99447,0.98907,-0.543
Case_16-12,gauss,1,0.4,2,34.53164,24.01155,-30.46507,0.97247,0.90958,-6.46704,0.99403,0.89788,-9.67275
Case_16-12,gauss,1,0.7,4,34.53164,34.1605,-1.07478,0.97247,0.9734,0.09563,0.99403,0.99217,-0.18712
Case_16-12,gauss,1,1.1,6,34.53164,35.02067,1.41618,0.97247,0.97672,0.43703,0.99403,0.99359,-0.04426
Case_16-12,gauss,1,1.4,8,34.53164,34.9231,1.13363,0.97247,0.97648,0.41235,0.99403,0.99266,-0.13782
Case_16-12,gauss,1,1.7,10,34.53164,34.44701,-0.24508,0.97247,0.97467,0.22623,0.99403,0.9907,-0.335
Case_16-12,gauss,1,2,12,34.53164,33.75268,-2.25579,0.97247,0.97181,-0.06787,0.99403,0.9879,-0.61668
Case_16-13,gauss,1,0.4,2,34.38595,24.14507,-29.78216,0.96923,0.90754,-6.36485,0.99333,0.89699,-9.69869
Case_16-13,gauss,1,0.7,4,34.38595,33.82083,-1.64346,0.96923,0.97033,0.11349,0.99333,0.99067,-0.26779
Case_16-13,gauss,1,1.1,6,34.38595,34.70783,0.93608,0.96923,0.97393,0.48492,0.99333,0.99239,-0.09463
Case_16-13,gauss,1,1.4,8,34.38595,34.53495,0.43332,0.96923,0.97338,0.42817,0.99333,0.99119,-0.21544
Case_16-13,gauss,1,1.7,10,34.38595,33.9649,-1.22448,0.96923,0.97097,0.17952,0.99333,0.98874,-0.46208
Case_16-13,gauss,1,2,12,34.38595,33.18534,-3.49157,0.96923,0.9673,-0.19913,0.99333,0.98526,-0.81242
Case_17-01,gauss,1,0.4,2,33.92999,23.79355,-29.87457,0.97392,0.91658,-5.88755,0.99375,0.90402,-9.02943
Case_17-01,gauss,1,0.7,4,33.92999,32.81573,-3.284,0.97392,0.97291,-0.1037,0.99375,0.98914,-0.4639
Case_17-01,gauss,1,1.1,6,33.92999,33.94026,0.03027,0.97392,0.97688,0.30393,0.99375,0.99168,-0.2083
Case_17-01,gauss,1,1.4,8,33.92999,33.81315,-0.34436,0.97392,0.97647,0.26183,0.99375,0.99059,-0.31799
Case_17-01,gauss,1,1.7,10,33.92999,33.23507,-2.0481,0.97392,0.97416,0.02464,0.99375,0.98811,-0.56755
Case_17-01,gauss,1,2,12,33.92999,32.39339,-4.52874,0.97392,0.97045,-0.35629,0.99375,0.98443,-0.93786
Case_17-02,gauss,1,0.4,2,33.78761,23.86274,-29.37429,0.97427,0.91796,-5.77971,0.99365,0.90161,-9.26282
Case_17-02,gauss,1,0.7,4,33.78761,32.80536,-2.90713,0.97427,0.97325,-0.10469,0.99365,0.98908,-0.45992
Case_17-02,gauss,1,1.1,6,33.78761,33.91259,0.3699,0.97427,0.97748,0.32948,0.99365,0.99164,-0.20228
Case_17-02,gauss,1,1.4,8,33.78761,33.8979,0.32642,0.97427,0.97771,0.35308,0.99365,0.99078,-0.28883
Case_17-02,gauss,1,1.7,10,33.78761,33.4286,-1.06255,0.97427,0.9762,0.1981,0.99365,0.98854,-0.51427
Case_17-02,gauss,1,2,12,33.78761,32.6448,-3.38233,0.97427,0.97325,-0.10469,0.99365,0.985,-0.87053
Case_17-03,gauss,1,0.4,2,33.79508,23.93149,-29.18647,0.96846,0.91277,-5.75037,0.99482,0.92408,-7.11083
Case_17-03,gauss,1,0.7,4,33.79508,32.68481,-3.2853,0.96846,0.96841,-0.00516,0.99482,0.99097,-0.387
Case_17-03,gauss,1,1.1,6,33.79508,33.68678,-0.32046,0.96846,0.9724,0.40683,0.99482,0.99284,-0.19903
Case_17-03,gauss,1,1.4,8,33.79508,33.56112,-0.69229,0.96846,0.97179,0.34384,0.99482,0.99198,-0.28548
Case_17-03,gauss,1,1.7,10,33.79508,32.9769,-2.421,0.96846,0.969,0.05576,0.99482,0.98992,-0.49255
Case_17-03,gauss,1,2,12,33.79508,32.12289,-4.94803,0.96846,0.96461,-0.39754,0.99482,0.98682,-0.80417
Case_17-04,gauss,1,0.4,2,33.56007,23.56554,-29.78102,0.97295,0.91163,-6.30248,0.99477,0.91668,-7.85006
Case_17-04,gauss,1,0.7,4,33.56007,32.56707,-2.95887,0.97295,0.97195,-0.10278,0.99477,0.99098,-0.38099
Case_17-04,gauss,1,1.1,6,33.56007,33.59311,0.09845,0.97295,0.97611,0.32479,0.99477,0.99282,-0.19603
Case_17-04,gauss,1,1.4,8,33.56007,33.44595,-0.34005,0.97295,0.97573,0.28573,0.99477,0.99171,-0.30761
Case_17-04,gauss,1,1.7,10,33.56007,32.83461,-2.16168,0.97295,0.97331,0.037,0.99477,0.98932,-0.54787
Case_17-04,gauss,1,2,12,33.56007,31.96195,-4.76197,0.97295,0.96937,-0.36795,0.99477,0.9858,-0.90172
Case_17-05,gauss,1,0.4,2,33.95896,23.32584,-31.31168,0.96447,0.89794,-6.89809,0.99474,0.91049,-8.46955
Case_17-05,gauss,1,0.7,4,33.95896,32.71592,-3.66042,0.96447,0.96441,-0.00622,0.99474,0.99047,-0.42926
Case_17-05,gauss,1,1.1,6,33.95896,33.82246,-0.40196,0.96447,0.96904,0.47384,0.99474,0.99268,-0.20709
Case_17-05,gauss,1,1.4,8,33.95896,33.63187,-0.96319,0.96447,0.96817,0.38363,0.99474,0.99163,-0.31264
Case_17-05,gauss,1,1.7,10,33.95896,32.97837,-2.88757,0.96447,0.96483,0.03733,0.99474,0.98929,-0.54788
Case_17-05,gauss,1,2,12,33.95896,32.07699,-5.5419,0.96447,0.9597,-0.49457,0.99474,0.98585,-0.8937
Case_17-06,gauss,1,0.4,2,33.19325,24.03816,-27.58118,0.97002,0.91471,-5.70194,0.99459,0.92832,-6.66305
Case_17-06,gauss,1,0.7,4,33.19325,32.38416,-2.43751,0.97002,0.96983,-0.01959,0.99459,0.99119,-0.34185
Case_17-06,gauss,1,1.1,6,33.19325,33.23742,0.13307,0.97002,0.97359,0.36803,0.99459,0.99254,-0.20612
Case_17-06,gauss,1,1.4,8,33.19325,33.00157,-0.57747,0.97002,0.97259,0.26494,0.99459,0.99116,-0.34487
Case_17-06,gauss,1,1.7,10,33.19325,32.29,-2.72119,0.97002,0.9692,-0.08453,0.99459,0.98834,-0.6284
Case_17-06,gauss,1,2,12,33.19325,31.34212,-5.57683,0.97002,0.96407,-0.61339,0.99459,0.98429,-1.0356
Case_17-07,gauss,1,0.4,2,33.88945,22.94473,-32.29536,0.97148,0.89936,-7.42372,0.99465,0.90129,-9.38622
Case_17-07,gauss,1,0.7,4,33.88945,32.45247,-4.2402,0.97148,0.96922,-0.23263,0.99465,0.9897,-0.49766
Case_17-07,gauss,1,1.1,6,33.88945,33.66613,-0.65897,0.97148,0.97381,0.23984,0.99465,0.99243,-0.22319
Case_17-07,gauss,1,1.4,8,33.88945,33.61943,-0.79677,0.97148,0.97355,0.21308,0.99465,0.99182,-0.28452
Case_17-07,gauss,1,1.7,10,33.88945,33.11346,-2.28977,0.97148,0.97126,-0.02265,0.99465,0.99005,-0.46247
Case_17-07,gauss,1,2,12,33.88945,32.30606,-4.67222,0.97148,0.96738,-0.42204,0.99465,0.98721,-0.748
Case_17-08,gauss,1,0.4,2,34.19095,23.25428,-31.98703,0.97706,0.91257,-6.60041,0.99432,0.89593,-9.8952
Case_17-08,gauss,1,0.7,4,34.19095,32.6325,-4.55808,0.97706,0.97441,-0.27122,0.99432,0.98871,-0.5642
Case_17-08,gauss,1,1.1,6,34.19095,33.99939,-0.56027,0.97706,0.97881,0.17911,0.99432,0.99208,-0.22528
Case_17-08,gauss,1,1.4,8,34.19095,34.00033,-0.55752,0.97706,0.97896,0.19446,0.99432,0.99155,-0.27858
Case_17-08,gauss,1,1.7,10,34.19095,33.56591,-1.82809,0.97706,0.97754,0.04913,0.99432,0.98989,-0.44553
Case_17-08,gauss,1,2,12,34.19095,32.82247,-4.00246,0.97706,0.97485,-0.22619,0.99432,0.98717,-0.71908
Case_17-09,gauss,1,0.4,2,33.97715,23.61716,-30.49105,0.97182,0.91193,-6.16266,0.99494,0.91688,-7.8457
Case_17-09,gauss,1,0.7,4,33.97715,32.6274,-3.97252,0.97182,0.97052,-0.13377,0.99494,0.99047,-0.44927
Case_17-09,gauss,1,1.1,6,33.97715,33.90848,-0.20211,0.97182,0.97508,0.33545,0.99494,0.99304,-0.19097
Case_17-09,gauss,1,1.4,8,33.97715,33.78929,-0.5529,0.97182,0.97478,0.30458,0.99494,0.99212,-0.28343
Case_17-09,gauss,1,1.7,10,33.97715,33.22816,-2.20439,0.97182,0.97259,0.07923,0.99494,0.99007,-0.48948
Case_17-09,gauss,1,2,12,33.97715,32.40695,-4.62134,0.97182,0.96901,-0.28915,0.99494,0.987,-0.79804
Case_17-10,gauss,1,0.4,2,34.17323,23.09307,-32.42351,0.96841,0.89558,-7.52057,0.99552,0.91498,-8.09024
Case_17-10,gauss,1,0.7,4,34.17323,32.79029,-4.04685,0.96841,0.96742,-0.10223,0.99552,0.99166,-0.38774
Case_17-10,gauss,1,1.1,6,34.17323,34.11061,-0.18324,0.96841,0.97243,0.41511,0.99552,0.99405,-0.14766
Case_17-10,gauss,1,1.4,8,34.17323,34.0196,-0.44956,0.96841,0.97216,0.38723,0.99552,0.99338,-0.21496
Case_17-10,gauss,1,1.7,10,34.17323,33.48843,-2.00391,0.96841,0.96981,0.14457,0.99552,0.99173,-0.38071
Case_17-10,gauss,1,2,12,34.17323,32.6876,-4.34735,0.96841,0.96595,-0.25402,0.99552,0.98924,-0.63083
Case_17-11,gauss,1,0.4,2,33.11922,24.1843,-26.97805,0.97611,0.92503,-5.23302,0.99365,0.91765,-7.64857
Case_17-11,gauss,1,0.7,4,33.11922,32.40778,-2.14812,0.97611,0.97538,-0.07479,0.99365,0.98984,-0.38343
Case_17-11,gauss,1,1.1,6,33.11922,33.31649,0.59564,0.97611,0.97903,0.29915,0.99365,0.99158,-0.20832
Case_17-11,gauss,1,1.4,8,33.11922,33.16952,0.15188,0.97611,0.97871,0.26636,0.99365,0.9902,-0.3472
Case_17-11,gauss,1,1.7,10,33.11922,32.53892,-1.75215,0.97611,0.97647,0.03688,0.99365,0.98721,-0.64812
Case_17-11,gauss,1,2,12,33.11922,31.63485,-4.4819,0.97611,0.97274,-0.34525,0.99365,0.9828,-1.09193
Case_17-12,gauss,1,0.4,2,33.67426,23.54955,-30.06661,0.97012,0.90734,-6.47136,0.99486,0.91781,-7.74481
Case_17-12,gauss,1,0.7,4,33.67426,32.58423,-3.23698,0.97012,0.96939,-0.07525,0.99486,0.99099,-0.389
Case_17-12,gauss,1,1.1,6,33.67426,33.69236,0.05375,0.97012,0.97385,0.38449,0.99486,0.99311,-0.1759
Case_17-12,gauss,1,1.4,8,33.67426,33.5887,-0.25408,0.97012,0.97359,0.35769,0.99486,0.99225,-0.26235
Case_17-12,gauss,1,1.7,10,33.67426,33.0293,-1.91529,0.97012,0.97124,0.11545,0.99486,0.99021,-0.4674
Case_17-12,gauss,1,2,12,33.67426,32.18857,-4.41195,0.97012,0.96728,-0.29275,0.99486,0.98711,-0.779
Case_2-01,gauss,1,0.4,2,35.89145,22.29069,-37.89415,0.97208,0.8909,-8.35116,0.99837,0.94488,-5.35773
Case_2-01,gauss,1,0.7,4,35.89145,32.90995,-8.30699,0.97208,0.96932,-0.28393,0.99837,0.99543,-0.29448
Case_2-01,gauss,1,1.1,6,35.89145,35.91662,0.07013,0.97208,0.97658,0.46292,0.99837,0.99796,-0.04107
Case_2-01,gauss,1,1.4,8,35.89145,36.08779,0.54704,0.97208,0.97744,0.55139,0.99837,0.99792,-0.04507
Case_2-01,gauss,1,1.7,10,35.89145,35.93667,0.12599,0.97208,0.97713,0.5195,0.99837,0.99764,-0.07312
Case_2-01,gauss,1,2,12,35.89145,35.52292,-1.02679,0.97208,0.97592,0.39503,0.99837,0.99717,-0.1202
Case_2-02,gauss,1,0.4,2,36.3776,23.07542,-36.56695,0.97435,0.91136,-6.46482,0.9988,0.96127,-3.75751
Case_2-02,gauss,1,0.7,4,36.3776,33.01404,-9.24624,0.97435,0.97156,-0.28634,0.9988,0.99625,-0.25531
Case_2-02,gauss,1,1.1,6,36.3776,36.30208,-0.2076,0.97435,0.97854,0.43003,0.9988,0.99847,-0.03304
Case_2-02,gauss,1,1.4,8,36.3776,36.5257,0.40712,0.97435,0.97974,0.55319,0.9988,0.99849,-0.03104
Case_2-02,gauss,1,1.7,10,36.3776,36.4883,0.30431,0.97435,0.98017,0.59732,0.9988,0.99837,-0.04305
Case_2-02,gauss,1,2,12,36.3776,36.19985,-0.48862,0.97435,0.97994,0.57372,0.9988,0.99811,-0.06908
Case_2-03,gauss,1,0.4,2,35.41944,22.40313,-36.74906,0.97519,0.8982,-7.89487,0.99835,0.95122,-4.72079
Case_2-03,gauss,1,0.7,4,35.41944,32.64031,-7.84634,0.97519,0.97188,-0.33942,0.99835,0.99564,-0.27145
Case_2-03,gauss,1,1.1,6,35.41944,35.34378,-0.21361,0.97519,0.97868,0.35788,0.99835,0.99787,-0.04808
Case_2-03,gauss,1,1.4,8,35.41944,35.4938,0.20994,0.97519,0.97958,0.45017,0.99835,0.99782,-0.05309
Case_2-03,gauss,1,1.7,10,35.41944,35.32913,-0.25497,0.97519,0.97947,0.43889,0.99835,0.99754,-0.08113
Case_2-03,gauss,1,2,12,35.41944,34.91217,-1.43218,0.97519,0.97859,0.34865,0.99835,0.99706,-0.12921
Case_2-04,gauss,1,0.4,2,35.72219,22.70546,-36.43878,0.97461,0.90225,-7.42451,0.99789,0.93953,-5.84834
Case_2-04,gauss,1,0.7,4,35.72219,33.14013,-7.22817,0.97461,0.97235,-0.23189,0.99789,0.99471,-0.31867
Case_2-04,gauss,1,1.1,6,35.72219,35.75659,0.0963,0.97461,0.97862,0.41145,0.99789,0.99738,-0.05111
Case_2-04,gauss,1,1.4,8,35.72219,35.97816,0.71656,0.97461,0.97971,0.52329,0.99789,0.99738,-0.05111
Case_2-04,gauss,1,1.7,10,35.72219,35.90473,0.511,0.97461,0.97988,0.54073,0.99789,0.99711,-0.07816
Case_2-04,gauss,1,2,12,35.72219,35.56928,-0.42805,0.97461,0.97935,0.48635,0.99789,0.99659,-0.13027
Case_2-05,gauss,1,0.4,2,37.197,22.43623,-39.68269,0.97084,0.90155,-7.13712,0.99873,0.94608,-5.2717
Case_2-05,gauss,1,0.7,4,37.197,32.09465,-13.7171,0.97084,0.96545,-0.55519,0.99873,0.99395,-0.47861
Case_2-05,gauss,1,1.1,6,37.197,37.21017,0.03541,0.97084,0.97596,0.52738,0.99873,0.99846,-0.02703
Case_2-05,gauss,1,1.4,8,37.197,37.50988,0.84114,0.97084,0.97735,0.67055,0.99873,0.99851,-0.02203
Case_2-05,gauss,1,1.7,10,37.197,37.62661,1.15496,0.97084,0.97802,0.73957,0.99873,0.99847,-0.02603
Case_2-05,gauss,1,2,12,37.197,37.55402,0.95981,0.97084,0.97811,0.74884,0.99873,0.99833,-0.04005
Case_2-06,gauss,1,0.4,2,36.56915,22.10236,-39.56009,0.9745,0.90075,-7.56798,0.99884,0.94817,-5.07288
Case_2-06,gauss,1,0.7,4,36.56915,31.63423,-13.49476,0.9745,0.96805,-0.66188,0.99884,0.99415,-0.46954
Case_2-06,gauss,1,1.1,6,36.56915,36.34333,-0.61752,0.9745,0.97842,0.40226,0.99884,0.99838,-0.04605
Case_2-06,gauss,1,1.4,8,36.56915,36.68587,0.31918,0.9745,0.98005,0.56952,0.99884,0.99847,-0.03704
Case_2-06,gauss,1,1.7,10,36.56915,36.80133,0.63491,0.9745,0.98102,0.66906,0.99884,0.99842,-0.04205
Case_2-06,gauss,1,2,12,36.56915,36.64807,0.21581,0.9745,0.98136,0.70395,0.99884,0.99823,-0.06107
Case_2-07,gauss,1,0.4,2,36.36596,22.9956,-36.76614,0.97512,0.91393,-6.27513,0.99889,0.96166,-3.72714
Case_2-07,gauss,1,0.7,4,36.36596,32.40637,-10.88818,0.97512,0.97121,-0.40098,0.99889,0.99576,-0.31335
Case_2-07,gauss,1,1.1,6,36.36596,36.23125,-0.37043,0.97512,0.97919,0.41738,0.99889,0.99851,-0.03804
Case_2-07,gauss,1,1.4,8,36.36596,36.53027,0.45182,0.97512,0.98054,0.55583,0.99889,0.99857,-0.03204
Case_2-07,gauss,1,1.7,10,36.36596,36.59272,0.62355,0.97512,0.98121,0.62454,0.99889,0.9985,-0.03904
Case_2-07,gauss,1,2,12,36.36596,36.39233,0.07251,0.97512,0.98125,0.62864,0.99889,0.99829,-0.06007
Case_2-08,gauss,1,0.4,2,35.78886,22.75384,-36.422,0.97468,0.90317,-7.33677,0.99791,0.93975,-5.82818
Case_2-08,gauss,1,0.7,4,35.78886,33.29979,-6.95487,0.97468,0.97263,-0.21033,0.99791,0.99491,-0.30063
Case_2-08,gauss,1,1.1,6,35.78886,35.8101,0.05935,0.97468,0.97864,0.40629,0.99791,0.99741,-0.0501
Case_2-08,gauss,1,1.4,8,35.78886,36.05289,0.73774,0.97468,0.97977,0.52222,0.99791,0.99743,-0.0481
Case_2-08,gauss,1,1.7,10,35.78886,36.00832,0.61321,0.97468,0.98001,0.54685,0.99791,0.99719,-0.07215
Case_2-08,gauss,1,2,12,35.78886,35.6945,-0.26366,0.97468,0.97954,0.49863,0.99791,0.99671,-0.12025
Case_3-01,gauss,1,0.4,2,34.41086,23.48153,-31.76128,0.97424,0.9069,-6.91205,0.99646,0.91579,-8.09566
Case_3-01,gauss,1,0.7,4,34.41086,33.58953,-2.38683,0.97424,0.9737,-0.05543,0.99646,0.99388,-0.25892
Case_3-01,gauss,1,1.1,6,34.41086,34.84935,1.27428,0.97424,0.97827,0.41366,0.99646,0.99572,-0.07426
Case_3-01,gauss,1,1.4,8,34.41086,35.09232,1.98036,0.97424,0.97968,0.55838,0.99646,0.99555,-0.09132
Case_3-01,gauss,1,1.7,10,34.41086,34.94197,1.54344,0.97424,0.97986,0.57686,0.99646,0.99468,-0.17863
Case_3-01,gauss,1,2,12,34.41086,34.42301,0.03531,0.97424,0.97892,0.48037,0.99646,0.9931,-0.33719
Case_3-02,gauss,1,0.4,2,33.49548,23.86038,-28.76537,0.97479,0.91462,-6.17261,0.99511,0.91353,-8.19809
Case_3-02,gauss,1,0.7,4,33.49548,32.92944,-1.6899,0.97479,0.97437,-0.04309,0.99511,0.99222,-0.29042
Case_3-02,gauss,1,1.1,6,33.49548,33.97493,1.43139,0.97479,0.97856,0.38675,0.99511,0.99399,-0.11255
Case_3-02,gauss,1,1.4,8,33.49548,34.10078,1.80711,0.97479,0.97944,0.47703,0.99511,0.99343,-0.16883
Case_3-02,gauss,1,1.7,10,33.49548,33.76258,0.79742,0.97479,0.97877,0.40829,0.99511,0.99175,-0.33765
Case_3-02,gauss,1,2,12,33.49548,33.05402,-1.31797,0.97479,0.97677,0.20312,0.99511,0.98897,-0.61702
Case_3-03,gauss,1,0.4,2,33.4616,23.77245,-28.95603,0.96952,0.90619,-6.5321,0.9957,0.92449,-7.15175
Case_3-03,gauss,1,0.7,4,33.4616,32.90112,-1.67499,0.96952,0.96969,0.01753,0.9957,0.99323,-0.24807
Case_3-03,gauss,1,1.1,6,33.4616,33.86291,1.19932,0.96952,0.97428,0.49096,0.9957,0.99458,-0.11248
Case_3-03,gauss,1,1.4,8,33.4616,33.969,1.51637,0.96952,0.97515,0.5807,0.9957,0.99406,-0.16471
Case_3-03,gauss,1,1.7,10,33.4616,33.60668,0.43357,0.96952,0.97418,0.48065,0.9957,0.99256,-0.31536
Case_3-03,gauss,1,2,12,33.4616,32.88874,-1.71199,0.96952,0.97168,0.22279,0.9957,0.99011,-0.56141
Case_3-04,gauss,1,0.4,2,33.66412,24.43343,-27.41997,0.97551,0.92205,-5.48021,0.99463,0.91699,-7.80592
Case_3-04,gauss,1,0.7,4,33.66412,33.31044,-1.05061,0.97551,0.97592,0.04203,0.99463,0.99229,-0.23526
Case_3-04,gauss,1,1.1,6,33.66412,34.21998,1.65119,0.97551,0.97965,0.42439,0.99463,0.99369,-0.09451
Case_3-04,gauss,1,1.4,8,33.66412,34.29329,1.86896,0.97551,0.98017,0.4777,0.99463,0.99297,-0.1669
Case_3-04,gauss,1,1.7,10,33.66412,33.92491,0.77468,0.97551,0.97915,0.37314,0.99463,0.99113,-0.35189
Case_3-04,gauss,1,2,12,33.66412,33.23633,-1.27076,0.97551,0.97694,0.14659,0.99463,0.98828,-0.63843
Case_3-05,gauss,1,0.4,2,33.34284,24.5231,-26.45168,0.97374,0.92293,-5.21803,0.9955,0.93415,-6.16273
Case_3-05,gauss,1,0.7,4,33.34284,32.89505,-1.34299,0.97374,0.97386,0.01232,0.9955,0.99323,-0.22803
Case_3-05,gauss,1,1.1,6,33.34284,33.85899,1.54801,0.97374,0.97808,0.4457,0.9955,0.99456,-0.09442
Case_3-05,gauss,1,1.4,8,33.34284,33.98855,1.93658,0.97374,0.97914,0.55456,0.9955,0.994,-0.15068
Case_3-05,gauss,1,1.7,10,33.34284,33.65436,0.93429,0.97374,0.97869,0.50835,0.9955,0.99241,-0.3104
Case_3-05,gauss,1,2,12,33.34284,32.95898,-1.15125,0.97374,0.97693,0.3276,0.9955,0.98982,-0.57057
Case_3-06,gauss,1,0.4,2,33.53373,24.51077,-26.90712,0.97161,0.91667,-5.65453,0.99405,0.91712,-7.73905
Case_3-06,gauss,1,0.7,4,33.53373,33.09267,-1.31527,0.97161,0.97208,0.04837,0.99405,0.99139,-0.26759
Case_3-06,gauss,1,1.1,6,33.53373,33.99515,1.37599,0.97161,0.97624,0.47653,0.99405,0.9929,-0.11569
Case_3-06,gauss,1,1.4,8,33.53373,34.00881,1.41672,0.97161,0.97659,0.51255,0.99405,0.99199,-0.20723
Case_3-06,gauss,1,1.7,10,33.53373,33.56775,0.10145,0.97161,0.97509,0.35817,0.99405,0.9898,-0.42754
Case_3-06,gauss,1,2,12,33.53373,32.82152,-2.12386,0.97161,0.97216,0.05661,0.99405,0.98647,-0.76254
Case_3-07,gauss,1,0.4,2,34.25029,25.33212,-26.03823,0.98245,0.93869,-4.45417,0.99296,0.90503,-8.85534
Case_3-07,gauss,1,0.7,4,34.25029,33.93291,-0.92665,0.98245,0.98244,-0.00102,0.99296,0.99043,-0.25479
Case_3-07,gauss,1,1.1,6,34.25029,34.91621,1.94428,0.98245,0.98543,0.30332,0.99296,0.99252,-0.04431
Case_3-07,gauss,1,1.4,8,34.25029,35.04522,2.32094,0.98245,0.98598,0.35931,0.99296,0.99188,-0.10877
Case_3-07,gauss,1,1.7,10,34.25029,34.81767,1.65657,0.98245,0.98559,0.31961,0.99296,0.99018,-0.27997
Case_3-07,gauss,1,2,12,34.25029,34.3048,0.15915,0.98245,0.98443,0.20154,0.99296,0.9875,-0.54987
Case_3-08,gauss,1,0.4,2,33.9897,23.4564,-30.98968,0.97361,0.90641,-6.90215,0.99558,0.91103,-8.49254
Case_3-08,gauss,1,0.7,4,33.9897,32.70034,-3.79338,0.97361,0.97174,-0.19207,0.99558,0.99115,-0.44497
Case_3-08,gauss,1,1.1,6,33.9897,34.08609,0.28359,0.97361,0.97691,0.33894,0.99558,0.99399,-0.15971
Case_3-08,gauss,1,1.4,8,33.9897,34.26457,0.80869,0.97361,0.97805,0.45603,0.99558,0.9938,-0.17879
Case_3-08,gauss,1,1.7,10,33.9897,34.00491,0.04475,0.97361,0.97765,0.41495,0.99558,0.99268,-0.29129
Case_3-08,gauss,1,2,12,33.9897,33.36157,-1.848,0.97361,0.97586,0.2311,0.99558,0.99059,-0.50122
Case_3-09,gauss,1,0.4,2,34.58481,24.46114,-29.27201,0.97363,0.91602,-5.91703,0.99383,0.89556,-9.88801
Case_3-09,gauss,1,0.7,4,34.58481,34.07153,-1.48412,0.97363,0.97436,0.07498,0.99383,0.99114,-0.27067
Case_3-09,gauss,1,1.1,6,34.58481,35.22961,1.8644,0.97363,0.97871,0.52176,0.99383,0.99349,-0.03421
Case_3-09,gauss,1,1.4,8,34.58481,35.37893,2.29615,0.97363,0.97972,0.62549,0.99383,0.99298,-0.08553
Case_3-09,gauss,1,1.7,10,34.58481,35.18677,1.74053,0.97363,0.9795,0.6029,0.99383,0.99158,-0.2264
Case_3-09,gauss,1,2,12,34.58481,34.72059,0.3926,0.97363,0.97833,0.48273,0.99383,0.98939,-0.44676
Case_3-10,gauss,1,0.4,2,34.11597,25.05276,-26.56589,0.97929,0.93165,-4.86475,0.99336,0.91104,-8.28703
Case_3-10,gauss,1,0.7,4,34.11597,33.72586,-1.14348,0.97929,0.9794,0.01123,0.99336,0.99076,-0.26174
Case_3-10,gauss,1,1.1,6,34.11597,34.66593,1.61203,0.97929,0.98276,0.35434,0.99336,0.99249,-0.08758
Case_3-10,gauss,1,1.4,8,34.11597,34.73257,1.80736,0.97929,0.98325,0.40437,0.99336,0.99166,-0.17114
Case_3-10,gauss,1,1.7,10,34.11597,34.40008,0.83278,0.97929,0.98249,0.32677,0.99336,0.98965,-0.37348
Case_3-10,gauss,1,2,12,34.11597,33.78255,-0.97731,0.97929,0.98077,0.15113,0.99336,0.98661,-0.67951
Case_4-01,gauss,1,0.4,2,36.19812,21.50872,-40.58056,0.97463,0.88725,-8.96545,0.99906,0.9559,-4.32006
Case_4-01,gauss,1,0.7,4,36.19812,31.90266,-11.86653,0.97463,0.96874,-0.60433,0.99906,0.99594,-0.31229
Case_4-01,gauss,1,1.1,6,36.19812,35.99519,-0.56061,0.97463,0.9776,0.30473,0.99906,0.99865,-0.04104
Case_4-01,gauss,1,1.4,8,36.19812,36.32461,0.34944,0.97463,0.97915,0.46377,0.99906,0.9987,-0.03603
Case_4-01,gauss,1,1.7,10,36.19812,36.41149,0.58945,0.97463,0.98016,0.56739,0.99906,0.99864,-0.04204
Case_4-01,gauss,1,2,12,36.19812,36.22912,0.08564,0.97463,0.98061,0.61357,0.99906,0.99845,-0.06106
Case_4-02,gauss,1,0.4,2,35.19971,23.13864,-34.26469,0.98889,0.92771,-6.18673,0.99702,0.92544,-7.17939
Case_4-02,gauss,1,0.7,4,35.19971,33.29414,-5.4136,0.98889,0.98628,-0.26393,0.99702,0.99342,-0.36108
Case_4-02,gauss,1,1.1,6,35.19971,35.53467,0.9516,0.98889,0.99036,0.14865,0.99702,0.99654,-0.04814
Case_4-02,gauss,1,1.4,8,35.19971,35.80199,1.71104,0.98889,0.99113,0.22652,0.99702,0.99655,-0.04714
Case_4-02,gauss,1,1.7,10,35.19971,35.78887,1.67376,0.98889,0.99146,0.25989,0.99702,0.99616,-0.08626
Case_4-02,gauss,1,2,12,35.19971,35.491,0.82754,0.98889,0.99138,0.2518,0.99702,0.9954,-0.16248
Case_4-03,gauss,1,0.4,2,35.46534,22.52444,-36.48886,0.98452,0.91221,-7.3447,0.9983,0.9497,-4.86828
Case_4-03,gauss,1,0.7,4,35.46534,33.14659,-6.53807,0.98452,0.98141,-0.31589,0.9983,0.99589,-0.24141
Case_4-03,gauss,1,1.1,6,35.46534,35.60432,0.39188,0.98452,0.98636,0.18689,0.9983,0.99789,-0.04107
Case_4-03,gauss,1,1.4,8,35.46534,35.87352,1.15093,0.98452,0.98734,0.28643,0.9983,0.99789,-0.04107
Case_4-03,gauss,1,1.7,10,35.46534,35.84196,1.06194,0.98452,0.98781,0.33417,0.9983,0.99765,-0.06511
Case_4-03,gauss,1,2,12,35.46534,35.52135,0.15793,0.98452,0.9878,0.33316,0.9983,0.99718,-0.11219
Case_4-04,gauss,1,0.4,2,35.07537,23.64403,-32.59079,0.98965,0.93432,-5.59087,0.9967,0.93151,-6.54058
Case_4-04,gauss,1,0.7,4,35.07537,33.68366,-3.96777,0.98965,0.98773,-0.19401,0.9967,0.99386,-0.28494
Case_4-04,gauss,1,1.1,6,35.07537,35.47223,1.13145,0.98965,0.99106,0.14247,0.9967,0.99624,-0.04615
Case_4-04,gauss,1,1.4,8,35.07537,35.70322,1.79,0.98965,0.99171,0.20815,0.9967,0.99615,-0.05518
Case_4-04,gauss,1,1.7,10,35.07537,35.62235,1.55944,0.98965,0.99189,0.22634,0.9967,0.9956,-0.11036
Case_4-04,gauss,1,2,12,35.07537,35.25457,0.5109,0.98965,0.99167,0.20411,0.9967,0.99461,-0.20969
Case_4-05,gauss,1,0.4,2,35.03547,23.23663,-33.67684,0.98736,0.92393,-6.4242,0.99689,0.92978,-6.73194
Case_4-05,gauss,1,0.7,4,35.03547,33.5416,-4.26388,0.98736,0.98544,-0.19446,0.99689,0.99407,-0.28288
Case_4-05,gauss,1,1.1,6,35.03547,35.39638,1.03013,0.98736,0.98924,0.19041,0.99689,0.9964,-0.04915
Case_4-05,gauss,1,1.4,8,35.03547,35.61219,1.6461,0.98736,0.99001,0.26839,0.99689,0.99629,-0.06019
Case_4-05,gauss,1,1.7,10,35.03547,35.50473,1.33939,0.98736,0.99018,0.28561,0.99689,0.99573,-0.11636
Case_4-05,gauss,1,2,12,35.03547,35.11107,0.21578,0.98736,0.98987,0.25421,0.99689,0.99476,-0.21366
Case_4-06,gauss,1,0.4,2,35.19232,22.64067,-35.66588,0.98793,0.92048,-6.82741,0.99799,0.94268,-5.54214
Case_4-06,gauss,1,0.7,4,35.19232,32.31922,-8.164,0.98793,0.98336,-0.46258,0.99799,0.99404,-0.3958
Case_4-06,gauss,1,1.1,6,35.19232,35.16278,-0.08394,0.98793,0.98904,0.11236,0.99799,0.99729,-0.07014
Case_4-06,gauss,1,1.4,8,35.19232,35.47136,0.7929,0.98793,0.98998,0.2075,0.99799,0.99738,-0.06112
Case_4-06,gauss,1,1.7,10,35.19232,35.51428,0.91486,0.98793,0.99047,0.2571,0.99799,0.99721,-0.07816
Case_4-06,gauss,1,2,12,35.19232,35.26218,0.19851,0.98793,0.99053,0.26318,0.99799,0.99675,-0.12425
Case_4-07,gauss,1,0.4,2,35.47325,22.93203,-35.35402,0.98688,0.92281,-6.49218,0.99788,0.94002,-5.79829
Case_4-07,gauss,1,0.7,4,35.47325,33.42317,-5.77923,0.98688,0.98419,-0.27258,0.99788,0.99516,-0.27258
Case_4-07,gauss,1,1.1,6,35.47325,35.75754,0.80142,0.98688,0.98864,0.17834,0.99788,0.99749,-0.03908
Case_4-07,gauss,1,1.4,8,35.47325,36.03357,1.57956,0.98688,0.98956,0.27156,0.99788,0.99749,-0.03908
Case_4-07,gauss,1,1.7,10,35.47325,36.03588,1.58607,0.98688,0.99002,0.31817,0.99788,0.99722,-0.06614
Case_4-07,gauss,1,2,12,35.47325,35.76918,0.83423,0.98688,0.99006,0.32223,0.99788,0.99671,-0.11725
Case_4-08,gauss,1,0.4,2,36.43827,22.86192,-37.25849,0.98724,0.92397,-6.40878,0.99725,0.90049,-9.70268
Case_4-08,gauss,1,0.7,4,36.43827,33.78588,-7.27913,0.98724,0.98421,-0.30692,0.99725,0.99248,-0.47832
Case_4-08,gauss,1,1.1,6,36.43827,36.859,1.15464,0.98724,0.9893,0.20866,0.99725,0.99698,-0.02707
Case_4-08,gauss,1,1.4,8,36.43827,37.186,2.05205,0.98724,0.99028,0.30793,0.99725,0.99709,-0.01604
Case_4-08,gauss,1,1.7,10,36.43827,37.32343,2.4292,0.98724,0.99089,0.36972,0.99725,0.99696,-0.02908
Case_4-08,gauss,1,2,12,36.43827,37.24401,2.21125,0.98724,0.99118,0.39909,0.99725,0.99658,-0.06718
Case_4-09,gauss,1,0.4,2,35.65316,23.4303,-34.28268,0.98939,0.92992,-6.01077,0.99687,0.92218,-7.49245
Case_4-09,gauss,1,0.7,4,35.65316,33.92156,-4.85679,0.98939,0.9872,-0.22135,0.99687,0.99366,-0.32201
Case_4-09,gauss,1,1.1,6,35.65316,36.11707,1.30117,0.98939,0.991,0.16273,0.99687,0.99661,-0.02608
Case_4-09,gauss,1,1.4,8,35.65316,36.35695,1.97399,0.98939,0.99168,0.23146,0.99687,0.99655,-0.0321
Case_4-09,gauss,1,1.7,10,35.65316,36.32106,1.87333,0.98939,0.99193,0.25672,0.99687,0.99612,-0.07524
Case_4-09,gauss,1,2,12,35.65316,36.02804,1.05146,0.98939,0.99183,0.24662,0.99687,0.99534,-0.15348
Case_4-10,gauss,1,0.4,2,34.83207,22.95156,-34.10796,0.98571,0.92043,-6.62264,0.99736,0.93574,-6.17831
Case_4-10,gauss,1,0.7,4,34.83207,33.2908,-4.42486,0.98571,0.98379,-0.19478,0.99736,0.99476,-0.26069
Case_4-10,gauss,1,1.1,6,34.83207,35.19876,1.05274,0.98571,0.98789,0.22116,0.99736,0.9969,-0.04612
Case_4-10,gauss,1,1.4,8,34.83207,35.42645,1.70642,0.98571,0.98876,0.30942,0.99736,0.9968,-0.05615
Case_4-10,gauss,1,1.7,10,34.83207,35.32696,1.42079,0.98571,0.98903,0.33681,0.99736,0.99629,-0.10728
Case_4-10,gauss,1,2,12,34.83207,34.93109,0.28428,0.98571,0.98878,0.31145,0.99736,0.9954,-0.19652
Case_5-01,gauss,1,0.4,2,35.52391,22.45425,-36.79116,0.97192,0.88591,-8.84949,0.99714,0.91207,-8.5314
Case_5-01,gauss,1,0.7,4,35.52391,33.20469,-6.52862,0.97192,0.96942,-0.25722,0.99714,0.99308,-0.40716
Case_5-01,gauss,1,1.1,6,35.52391,35.69731,0.48812,0.97192,0.97635,0.4558,0.99714,0.99663,-0.05115
Case_5-01,gauss,1,1.4,8,35.52391,35.91461,1.09982,0.97192,0.97763,0.5875,0.99714,0.99662,-0.05215
Case_5-01,gauss,1,1.7,10,35.52391,35.81701,0.82508,0.97192,0.97775,0.59984,0.99714,0.99623,-0.09126
Case_5-01,gauss,1,2,12,35.52391,35.43213,-0.25836,0.97192,0.97693,0.51547,0.99714,0.99546,-0.16848
Case_5-02,gauss,1,0.4,2,35.81116,21.0012,-41.35571,0.96274,0.84817,-11.90041,0.99813,0.91568,-8.26045
Case_5-02,gauss,1,0.7,4,35.81116,31.97118,-10.72286,0.96274,0.95684,-0.61283,0.99813,0.99314,-0.49993
Case_5-02,gauss,1,1.1,6,35.81116,35.61609,-0.54472,0.96274,0.96809,0.55571,0.99813,0.99751,-0.06212
Case_5-02,gauss,1,1.4,8,35.81116,35.91215,0.28201,0.96274,0.97008,0.76241,0.99813,0.99759,-0.0541
Case_5-02,gauss,1,1.7,10,35.81116,35.9143,0.28801,0.96274,0.97076,0.83304,0.99813,0.99741,-0.07213
Case_5-02,gauss,1,2,12,35.81116,35.62112,-0.53067,0.96274,0.97029,0.78422,0.99813,0.99699,-0.11421
Case_5-04,gauss,1,0.4,2,36.04916,21.98651,-39.00965,0.96372,0.87402,-9.30768,0.9979,0.92071,-7.73524
Case_5-04,gauss,1,0.7,4,36.04916,32.52318,-9.78103,0.96372,0.95991,-0.39534,0.9979,0.99288,-0.50306
Case_5-04,gauss,1,1.1,6,36.04916,35.91394,-0.3751,0.96372,0.96946,0.59561,0.9979,0.99725,-0.06514
Case_5-04,gauss,1,1.4,8,36.04916,36.19155,0.39499,0.96372,0.97132,0.78861,0.9979,0.99733,-0.05712
Case_5-04,gauss,1,1.7,10,36.04916,36.18065,0.36475,0.96372,0.972,0.85917,0.9979,0.99714,-0.07616
Case_5-04,gauss,1,2,12,36.04916,35.88913,-0.44392,0.96372,0.97169,0.827,0.9979,0.9967,-0.12025
Case_5-05,gauss,1,0.4,2,35.8889,21.66515,-39.63273,0.97356,0.87375,-10.25206,0.99717,0.88431,-11.31803
Case_5-05,gauss,1,0.7,4,35.8889,32.7105,-8.85622,0.97356,0.96859,-0.5105,0.99717,0.99083,-0.6358
Case_5-05,gauss,1,1.1,6,35.8889,35.83322,-0.15515,0.97356,0.9768,0.3328,0.99717,0.99638,-0.07922
Case_5-05,gauss,1,1.4,8,35.8889,36.1224,0.65062,0.97356,0.97844,0.50125,0.99717,0.99653,-0.06418
Case_5-05,gauss,1,1.7,10,35.8889,36.13025,0.67249,0.97356,0.97912,0.5711,0.99717,0.99633,-0.08424
Case_5-05,gauss,1,2,12,35.8889,35.83382,-0.15347,0.97356,0.97892,0.55056,0.99717,0.99574,-0.14341
Case_5-07,gauss,1,0.4,2,36.05794,21.991,-39.01205,0.96623,0.87401,-9.54431,0.99771,0.91496,-8.29399
Case_5-07,gauss,1,0.7,4,36.05794,32.69821,-9.31759,0.96623,0.96249,-0.38707,0.99771,0.99268,-0.50415
Case_5-07,gauss,1,1.1,6,36.05794,35.96115,-0.26843,0.96623,0.9714,0.53507,0.99771,0.9971,-0.06114
Case_5-07,gauss,1,1.4,8,36.05794,36.21818,0.4444,0.96623,0.97308,0.70894,0.99771,0.99717,-0.05412
Case_5-07,gauss,1,1.7,10,36.05794,36.18895,0.36333,0.96623,0.97363,0.76586,0.99771,0.99696,-0.07517
Case_5-07,gauss,1,2,12,36.05794,35.87916,-0.49581,0.96623,0.97323,0.72447,0.99771,0.99647,-0.12428
Case_5-08,gauss,1,0.4,2,35.8289,21.0077,-41.36661,0.96885,0.85699,-11.54565,0.99801,0.90651,-9.16824
Case_5-08,gauss,1,0.7,4,35.8289,31.88271,-11.01399,0.96885,0.96188,-0.71941,0.99801,0.99232,-0.57013
Case_5-08,gauss,1,1.1,6,35.8289,35.61876,-0.58651,0.96885,0.97275,0.40254,0.99801,0.99734,-0.06713
Case_5-08,gauss,1,1.4,8,35.8289,35.91006,0.22652,0.96885,0.9746,0.59349,0.99801,0.99744,-0.05711
Case_5-08,gauss,1,1.7,10,35.8289,35.91929,0.25228,0.96885,0.97535,0.6709,0.99801,0.99727,-0.07415
Case_5-08,gauss,1,2,12,35.8289,35.6249,-0.56937,0.96885,0.97508,0.64303,0.99801,0.99682,-0.11924
Case_6-01,gauss,1,0.4,2,33.74736,23.91662,-29.1304,0.9724,0.91675,-5.72295,0.99555,0.93268,-6.3151
Case_6-01,gauss,1,0.7,4,33.74736,33.26114,-1.44076,0.9724,0.97361,0.12443,0.99555,0.99352,-0.20391
Case_6-01,gauss,1,1.1,6,33.74736,34.09012,1.01566,0.9724,0.97733,0.50699,0.99555,0.99446,-0.10949
Case_6-01,gauss,1,1.4,8,33.74736,34.06942,0.95433,0.9724,0.97787,0.56253,0.99555,0.99375,-0.1808
Case_6-01,gauss,1,1.7,10,33.74736,33.58018,-0.49539,0.9724,0.97686,0.45866,0.99555,0.99204,-0.35257
Case_6-01,gauss,1,2,12,33.74736,32.78435,-2.85359,0.9724,0.97465,0.23139,0.99555,0.98942,-0.61574
Case_6-02,gauss,1,0.4,2,33.63106,23.50285,-30.11564,0.97042,0.9102,-6.20556,0.99575,0.92875,-6.7286
Case_6-02,gauss,1,0.7,4,33.63106,33.08027,-1.63774,0.97042,0.97158,0.11954,0.99575,0.99349,-0.22696
Case_6-02,gauss,1,1.1,6,33.63106,33.95074,0.95055,0.97042,0.97581,0.55543,0.99575,0.99452,-0.12352
Case_6-02,gauss,1,1.4,8,33.63106,33.97693,1.02842,0.97042,0.97666,0.64302,0.99575,0.99394,-0.18177
Case_6-02,gauss,1,1.7,10,33.63106,33.52102,-0.3272,0.97042,0.97588,0.56264,0.99575,0.99239,-0.33743
Case_6-02,gauss,1,2,12,33.63106,32.73399,-2.66739,0.97042,0.97378,0.34624,0.99575,0.98992,-0.58549
Case_6-03,gauss,1,0.4,2,33.6857,24.06085,-28.57251,0.9736,0.92068,-5.4355,0.99546,0.93216,-6.35887
Case_6-03,gauss,1,0.7,4,33.6857,33.28232,-1.19748,0.9736,0.97483,0.12634,0.99546,0.99347,-0.19991
Case_6-03,gauss,1,1.1,6,33.6857,34.09564,1.21696,0.9736,0.97847,0.50021,0.99546,0.99439,-0.10749
Case_6-03,gauss,1,1.4,8,33.6857,34.08458,1.18412,0.9736,0.97899,0.55362,0.99546,0.99368,-0.17881
Case_6-03,gauss,1,1.7,10,33.6857,33.61159,-0.22,0.9736,0.97799,0.4509,0.99546,0.99197,-0.35059
Case_6-03,gauss,1,2,12,33.6857,32.83692,-2.5197,0.9736,0.97586,0.23213,0.99546,0.98936,-0.61278
Case_6-04,gauss,1,0.4,2,34.38716,23.39941,-31.95306,0.97178,0.90444,-6.92955,0.99589,0.92568,-7.04998
Case_6-04,gauss,1,0.7,4,34.38716,33.83126,-1.61659,0.97178,0.97301,0.12657,0.99589,0.99422,-0.16769
Case_6-04,gauss,1,1.1,6,34.38716,34.75129,1.05891,0.97178,0.97684,0.52069,0.99589,0.99519,-0.07029
Case_6-04,gauss,1,1.4,8,34.38716,34.73145,1.00122,0.97178,0.97744,0.58244,0.99589,0.99459,-0.13054
Case_6-04,gauss,1,1.7,10,34.38716,34.30648,-0.23462,0.97178,0.97667,0.5032,0.99589,0.99324,-0.26609
Case_6-04,gauss,1,2,12,34.38716,33.62832,-2.20675,0.97178,0.97492,0.32312,0.99589,0.99127,-0.46391
Case_6-05,gauss,1,0.4,2,33.69029,23.34393,-30.71021,0.97502,0.91339,-6.3209,0.99585,0.92503,-7.11151
Case_6-05,gauss,1,0.7,4,33.69029,33.06983,-1.84166,0.97502,0.97546,0.04513,0.99585,0.99346,-0.24
Case_6-05,gauss,1,1.1,6,33.69029,34.02763,1.0013,0.97502,0.97957,0.46666,0.99585,0.99472,-0.11347
Case_6-05,gauss,1,1.4,8,33.69029,34.17065,1.42581,0.97502,0.98077,0.58973,0.99585,0.9944,-0.1456
Case_6-05,gauss,1,1.7,10,33.69029,33.8506,0.47583,0.97502,0.98065,0.57742,0.99585,0.9932,-0.2661
Case_6-05,gauss,1,2,12,33.69029,33.15388,-1.59218,0.97502,0.97938,0.44717,0.99585,0.99112,-0.47497
Case_6-06,gauss,1,0.4,2,34.02663,23.85843,-29.88307,0.97695,0.92173,-5.65229,0.99564,0.92821,-6.77253
Case_6-06,gauss,1,0.7,4,34.02663,33.48003,-1.60639,0.97695,0.97769,0.07575,0.99564,0.99357,-0.20791
Case_6-06,gauss,1,1.1,6,34.02663,34.50749,1.41319,0.97695,0.98146,0.46164,0.99564,0.99486,-0.07834
Case_6-06,gauss,1,1.4,8,34.02663,34.58522,1.64163,0.97695,0.98224,0.54148,0.99564,0.99434,-0.13057
Case_6-06,gauss,1,1.7,10,34.02663,34.24817,0.65108,0.97695,0.98184,0.50054,0.99564,0.99302,-0.26315
Case_6-06,gauss,1,2,12,34.02663,33.61461,-1.21088,0.97695,0.98053,0.36645,0.99564,0.99099,-0.46704
Case_6-07,gauss,1,0.4,2,34.42827,23.49091,-31.76854,0.97289,0.9065,-6.824,0.99488,0.91283,-8.24723
Case_6-07,gauss,1,0.7,4,34.42827,33.87519,-1.60647,0.97289,0.97402,0.11615,0.99488,0.99293,-0.196
Case_6-07,gauss,1,1.1,6,34.42827,34.84744,1.21752,0.97289,0.97782,0.50674,0.99488,0.99422,-0.06634
Case_6-07,gauss,1,1.4,8,34.42827,34.81147,1.11304,0.97289,0.9783,0.55608,0.99488,0.99349,-0.13972
Case_6-07,gauss,1,1.7,10,34.42827,34.40154,-0.07764,0.97289,0.97751,0.47487,0.99488,0.99194,-0.29551
Case_6-07,gauss,1,2,12,34.42827,33.75977,-1.94172,0.97289,0.97582,0.30116,0.99488,0.98973,-0.51765
Case_6-08,gauss,1,0.4,2,33.59206,23.59388,-29.76352,0.96802,0.906,-6.40689,0.99557,0.92688,-6.89957
Case_6-08,gauss,1,0.7,4,33.59206,33.10479,-1.45055,0.96802,0.96975,0.17872,0.99557,0.99345,-0.21294
Case_6-08,gauss,1,1.1,6,33.59206,34.06099,1.39595,0.96802,0.97464,0.68387,0.99557,0.99461,-0.09643
Case_6-08,gauss,1,1.4,8,33.59206,34.11819,1.56623,0.96802,0.97577,0.8006,0.99557,0.99396,-0.16172
Case_6-08,gauss,1,1.7,10,33.59206,33.70722,0.34282,0.96802,0.9752,0.74172,0.99557,0.99233,-0.32544
Case_6-08,gauss,1,2,12,33.59206,32.97881,-1.82558,0.96802,0.97331,0.54648,0.99557,0.98985,-0.57455
Case_6-10,gauss,1,0.4,2,34.30544,22.59254,-34.14298,0.97236,0.898,-7.64737,0.99661,0.91746,-7.94192
Case_6-10,gauss,1,0.7,4,34.30544,33.22139,-3.15999,0.97236,0.97229,-0.0072,0.99661,0.99382,-0.27995
Case_6-10,gauss,1,1.1,6,34.30544,34.54872,0.70916,0.97236,0.97716,0.49364,0.99661,0.99562,-0.09934
Case_6-10,gauss,1,1.4,8,34.30544,34.74013,1.26712,0.97236,0.97857,0.63865,0.99661,0.99546,-0.11539
Case_6-10,gauss,1,1.7,10,34.30544,34.51177,0.60145,0.97236,0.97871,0.65305,0.99661,0.99461,-0.20068
Case_6-10,gauss,1,2,12,34.30544,33.91706,-1.13212,0.97236,0.97775,0.55432,0.99661,0.99309,-0.3532
Case_7-01,gauss,1,0.4,2,39.11624,26.24834,-32.89657,0.95684,0.92318,-3.51783,0.99668,0.92608,-7.08352
Case_7-01,gauss,1,0.7,4,39.11624,36.62818,-6.36068,0.95684,0.95883,0.20798,0.99668,0.9927,-0.39933
Case_7-01,gauss,1,1.1,6,39.11624,38.98759,-0.32889,0.95684,0.96274,0.61661,0.99668,0.99622,-0.04615
Case_7-01,gauss,1,1.4,8,39.11624,39.07004,-0.11811,0.95684,0.96344,0.68977,0.99668,0.99621,-0.04716
Case_7-01,gauss,1,1.7,10,39.11624,38.918,-0.5068,0.95684,0.9632,0.66469,0.99668,0.9959,-0.07826
Case_7-01,gauss,1,2,12,39.11624,38.56397,-1.41187,0.95684,0.96226,0.56645,0.99668,0.99531,-0.13746
Case_7-02,gauss,1,0.4,2,39.12762,27.27457,-30.29331,0.95929,0.93239,-2.80416,0.99695,0.94256,-5.45564
Case_7-02,gauss,1,0.7,4,39.12762,37.51745,-4.11517,0.95929,0.9616,0.2408,0.99695,0.99469,-0.22669
Case_7-02,gauss,1,1.1,6,39.12762,39.09327,-0.08779,0.95929,0.96437,0.52956,0.99695,0.99662,-0.0331
Case_7-02,gauss,1,1.4,8,39.12762,39.159,0.0802,0.95929,0.96504,0.5994,0.99695,0.99658,-0.03711
Case_7-02,gauss,1,1.7,10,39.12762,38.98042,-0.3762,0.95929,0.96495,0.59002,0.99695,0.99625,-0.07021
Case_7-02,gauss,1,2,12,39.12762,38.60216,-1.34294,0.95929,0.96424,0.51601,0.99695,0.99564,-0.1314
Case_7-03,gauss,1,0.4,2,38.50681,23.31508,-39.45206,0.96225,0.89377,-7.11665,0.99795,0.91562,-8.24991
Case_7-03,gauss,1,0.7,4,38.50681,35.00803,-9.08613,0.96225,0.96066,-0.16524,0.99795,0.99363,-0.43289
Case_7-03,gauss,1,1.1,6,38.50681,38.06723,-1.14156,0.96225,0.96652,0.44375,0.99795,0.99731,-0.06413
Case_7-03,gauss,1,1.4,8,38.50681,38.21815,-0.74963,0.96225,0.96741,0.53624,0.99795,0.99737,-0.05812
Case_7-03,gauss,1,1.7,10,38.50681,38.06306,-1.15239,0.96225,0.96721,0.51546,0.99795,0.99716,-0.07916
Case_7-03,gauss,1,2,12,38.50681,37.63123,-2.27383,0.96225,0.9661,0.4001,0.99795,0.99668,-0.12726
Case_7-04,gauss,1,0.4,2,38.83278,25.75862,-33.66784,0.96284,0.92408,-4.02559,0.99732,0.93137,-6.61272
Case_7-04,gauss,1,0.7,4,38.83278,36.08468,-7.07675,0.96284,0.96337,0.05505,0.99732,0.99337,-0.39606
Case_7-04,gauss,1,1.1,6,38.83278,38.6688,-0.42227,0.96284,0.9673,0.46321,0.99732,0.99685,-0.04713
Case_7-04,gauss,1,1.4,8,38.83278,38.73854,-0.24268,0.96284,0.96776,0.51099,0.99732,0.99682,-0.05013
Case_7-04,gauss,1,1.7,10,38.83278,38.55791,-0.70783,0.96284,0.96753,0.4871,0.99732,0.99652,-0.08021
Case_7-04,gauss,1,2,12,38.83278,38.15451,-1.74664,0.96284,0.96663,0.39363,0.99732,0.99592,-0.14038
Case_7-05,gauss,1,0.4,2,38.177,24.05351,-36.99476,0.96308,0.90629,-5.89671,0.99734,0.91372,-8.3843
Case_7-05,gauss,1,0.7,4,38.177,35.22441,-7.73395,0.96308,0.96233,-0.07788,0.99734,0.99281,-0.45421
Case_7-05,gauss,1,1.1,6,38.177,37.79381,-1.00372,0.96308,0.96711,0.41845,0.99734,0.99653,-0.08122
Case_7-05,gauss,1,1.4,8,38.177,37.8956,-0.73709,0.96308,0.96771,0.48075,0.99734,0.99653,-0.08122
Case_7-05,gauss,1,1.7,10,38.177,37.68034,-1.30094,0.96308,0.96736,0.44441,0.99734,0.99615,-0.11932
Case_7-05,gauss,1,2,12,38.177,37.19358,-2.57595,0.96308,0.96614,0.31773,0.99734,0.9954,-0.19452
Case_7-06,gauss,1,0.4,2,38.12174,25.22486,-33.83077,0.96402,0.91767,-4.80799,0.99802,0.94692,-5.12014
Case_7-06,gauss,1,0.7,4,38.12174,36.33051,-4.69871,0.96402,0.96442,0.04149,0.99802,0.99615,-0.18737
Case_7-06,gauss,1,1.1,6,38.12174,37.8497,-0.71361,0.96402,0.96744,0.35476,0.99802,0.99754,-0.0481
Case_7-06,gauss,1,1.4,8,38.12174,37.83955,-0.74023,0.96402,0.96773,0.38485,0.99802,0.99744,-0.05812
Case_7-06,gauss,1,1.7,10,38.12174,37.49113,-1.6542,0.96402,0.96721,0.33091,0.99802,0.99702,-0.1002
Case_7-06,gauss,1,2,12,38.12174,36.89861,-3.20848,0.96402,0.96591,0.19605,0.99802,0.99631,-0.17134
Case_7-07,gauss,1,0.4,2,38.31823,24.02995,-37.28847,0.96718,0.90768,-6.15191,0.99829,0.93609,-6.23065
Case_7-07,gauss,1,0.7,4,38.31823,35.50144,-7.35104,0.96718,0.96492,-0.23367,0.99829,0.99538,-0.2915
Case_7-07,gauss,1,1.1,6,38.31823,37.91422,-1.05435,0.96718,0.96895,0.18301,0.99829,0.99774,-0.05509
Case_7-07,gauss,1,1.4,8,38.31823,38.02012,-0.77798,0.96718,0.96958,0.24814,0.99829,0.99774,-0.05509
Case_7-07,gauss,1,1.7,10,38.31823,37.84902,-1.22451,0.96718,0.96972,0.26262,0.99829,0.99751,-0.07813
Case_7-07,gauss,1,2,12,38.31823,37.42462,-2.33208,0.96718,0.96923,0.21196,0.99829,0.99705,-0.12421
Case_7-08,gauss,1,0.4,2,38.10541,24.5607,-35.54537,0.96099,0.91074,-5.22898,0.99728,0.92443,-7.30487
Case_7-08,gauss,1,0.7,4,38.10541,35.18554,-7.66261,0.96099,0.96134,0.03642,0.99728,0.9929,-0.43919
Case_7-08,gauss,1,1.1,6,38.10541,37.7655,-0.89203,0.96099,0.96605,0.52654,0.99728,0.99653,-0.0752
Case_7-08,gauss,1,1.4,8,38.10541,37.88652,-0.57443,0.96099,0.96647,0.57025,0.99728,0.99655,-0.0732
Case_7-08,gauss,1,1.7,10,38.10541,37.70685,-1.04594,0.96099,0.96585,0.50573,0.99728,0.99624,-0.10428
Case_7-08,gauss,1,2,12,38.10541,37.26568,-2.2037,0.96099,0.96435,0.34964,0.99728,0.99558,-0.17046
Case_7-09,gauss,1,0.4,2,37.24714,25.64836,-31.14006,0.96609,0.92443,-4.31223,0.99763,0.9518,-4.59389
Case_7-09,gauss,1,0.7,4,37.24714,35.81317,-3.84988,0.96609,0.96744,0.13974,0.99763,0.99585,-0.17842
Case_7-09,gauss,1,1.1,6,37.24714,37.2796,0.08715,0.96609,0.97077,0.48443,0.99763,0.99729,-0.03408
Case_7-09,gauss,1,1.4,8,37.24714,37.28932,0.11324,0.96609,0.97118,0.52687,0.99763,0.99715,-0.04811
Case_7-09,gauss,1,1.7,10,37.24714,36.9751,-0.73036,0.96609,0.97063,0.46994,0.99763,0.99668,-0.09523
Case_7-09,gauss,1,2,12,37.24714,36.43663,-2.17603,0.96609,0.96933,0.33537,0.99763,0.9959,-0.17341
Case_7-10,gauss,1,0.4,2,38.04007,26.396,-30.61001,0.94105,0.90453,-3.88077,0.99664,0.93748,-5.93594
Case_7-10,gauss,1,0.7,4,38.04007,36.4119,-4.28014,0.94105,0.94485,0.4038,0.99664,0.99407,-0.25787
Case_7-10,gauss,1,1.1,6,38.04007,38.12298,0.21795,0.94105,0.9489,0.83417,0.99664,0.99645,-0.01906
Case_7-10,gauss,1,1.4,8,38.04007,38.16597,0.33097,0.94105,0.94909,0.85436,0.99664,0.99638,-0.02609
Case_7-10,gauss,1,1.7,10,38.04007,37.96256,-0.20376,0.94105,0.94801,0.7396,0.99664,0.99599,-0.06522
Case_7-10,gauss,1,2,12,38.04007,37.5718,-1.23099,0.94105,0.94606,0.53238,0.99664,0.9953,-0.13445
Case_7-12,gauss,1,0.4,2,37.29741,24.52027,-34.25745,0.95993,0.90445,-5.77959,0.99779,0.9413,-5.66151
Case_7-12,gauss,1,0.7,4,37.29741,35.45914,-4.92868,0.95993,0.96071,0.08126,0.99779,0.99558,-0.22149
Case_7-12,gauss,1,1.1,6,37.29741,37.13712,-0.42976,0.95993,0.96457,0.48337,0.99779,0.99736,-0.0431
Case_7-12,gauss,1,1.4,8,37.29741,37.18652,-0.29731,0.95993,0.96483,0.51045,0.99779,0.9973,-0.04911
Case_7-12,gauss,1,1.7,10,37.29741,36.91057,-1.03718,0.95993,0.96398,0.42191,0.99779,0.99691,-0.08819
Case_7-12,gauss,1,2,12,37.29741,36.38848,-2.43698,0.95993,0.96225,0.24168,0.99779,0.99622,-0.15735
Case_8-01,gauss,1,0.4,2,35.32156,23.72594,-32.82873,0.93767,0.87561,-6.61853,0.99765,0.94435,-5.34256
Case_8-01,gauss,1,0.7,4,35.32156,33.83492,-4.20887,0.93767,0.94104,0.3594,0.99765,0.99534,-0.23154
Case_8-01,gauss,1,1.1,6,35.32156,35.08156,-0.67947,0.93767,0.94646,0.93743,0.99765,0.99665,-0.10024
Case_8-01,gauss,1,1.4,8,35.32156,34.99399,-0.92739,0.93767,0.94565,0.85105,0.99765,0.9963,-0.13532
Case_8-01,gauss,1,1.7,10,35.32156,34.41389,-2.56973,0.93767,0.94188,0.44899,0.99765,0.99529,-0.23656
Case_8-01,gauss,1,2,12,35.32156,33.55572,-4.99933,0.93767,0.936,-0.1781,0.99765,0.99371,-0.39493
Case_8-02,gauss,1,0.4,2,35.86394,23.68803,-33.95029,0.93997,0.87866,-6.52255,0.99787,0.94364,-5.43458
Case_8-02,gauss,1,0.7,4,35.86394,34.15413,-4.76749,0.93997,0.94261,0.28086,0.99787,0.9955,-0.23751
Case_8-02,gauss,1,1.1,6,35.86394,35.70187,-0.4519,0.93997,0.94847,0.90428,0.99787,0.99705,-0.08218
Case_8-02,gauss,1,1.4,8,35.86394,35.67427,-0.52886,0.93997,0.94882,0.94152,0.99787,0.99678,-0.10923
Case_8-02,gauss,1,1.7,10,35.86394,35.1852,-1.89254,0.93997,0.94692,0.73939,0.99787,0.99596,-0.19141
Case_8-02,gauss,1,2,12,35.86394,34.42094,-4.02354,0.93997,0.94342,0.36703,0.99787,0.9947,-0.31768
Case_8-03,gauss,1,0.4,2,35.89696,25.10846,-30.05408,0.93818,0.89434,-4.67288,0.99799,0.95835,-3.97198
Case_8-03,gauss,1,0.7,4,35.89696,34.63395,-3.51843,0.93818,0.94259,0.47006,0.99799,0.99626,-0.17335
Case_8-03,gauss,1,1.1,6,35.89696,35.88636,-0.02953,0.93818,0.94844,1.09361,0.99799,0.99736,-0.06313
Case_8-03,gauss,1,1.4,8,35.89696,35.98853,0.25509,0.93818,0.9499,1.24923,0.99799,0.99723,-0.07615
Case_8-03,gauss,1,1.7,10,35.89696,35.68204,-0.59871,0.93818,0.94952,1.20872,0.99799,0.99668,-0.13126
Case_8-03,gauss,1,2,12,35.89696,35.07617,-2.28652,0.93818,0.9477,1.01473,0.99799,0.99575,-0.22445
Case_8-04,gauss,1,0.4,2,35.91961,23.24728,-35.2797,0.93935,0.86949,-7.43706,0.99768,0.93148,-6.63539
Case_8-04,gauss,1,0.7,4,35.91961,34.19896,-4.79028,0.93935,0.94164,0.24379,0.99768,0.99509,-0.2596
Case_8-04,gauss,1,1.1,6,35.91961,35.78402,-0.37748,0.93935,0.94769,0.88785,0.99768,0.99689,-0.07918
Case_8-04,gauss,1,1.4,8,35.91961,35.80644,-0.31506,0.93935,0.94821,0.94321,0.99768,0.99668,-0.10023
Case_8-04,gauss,1,1.7,10,35.91961,35.37399,-1.519,0.93935,0.94644,0.75478,0.99768,0.9959,-0.17841
Case_8-04,gauss,1,2,12,35.91961,34.64519,-3.54798,0.93935,0.94294,0.38218,0.99768,0.99463,-0.30571
Case_9-01,gauss,1,0.4,2,32.78251,24.4969,-25.27448,0.9628,0.90904,-5.58371,0.99645,0.95632,-4.0273
Case_9-01,gauss,1,0.7,4,32.78251,32.27343,-1.5529,0.9628,0.96335,0.05713,0.99645,0.99464,-0.18164
Case_9-01,gauss,1,1.1,6,32.78251,32.76448,-0.055,0.9628,0.96628,0.36145,0.99645,0.99483,-0.16258
Case_9-01,gauss,1,1.4,8,32.78251,32.33091,-1.37756,0.9628,0.96388,0.11217,0.99645,0.99328,-0.31813
Case_9-01,gauss,1,1.7,10,32.78251,31.43882,-4.0988,0.9628,0.9583,-0.46739,0.99645,0.99046,-0.60113
Case_9-01,gauss,1,2,12,32.78251,30.40832,-7.24225,0.9628,0.95063,-1.26402,0.99645,0.98668,-0.98048
Case_9-02,gauss,1,0.4,2,33.53431,23.812,-28.99213,0.94859,0.88285,-6.93029,0.99647,0.94223,-5.44321
Case_9-02,gauss,1,0.7,4,33.53431,32.7198,-2.42889,0.94859,0.95059,0.21084,0.99647,0.99407,-0.24085
Case_9-02,gauss,1,1.1,6,33.53431,33.40611,-0.3823,0.94859,0.95525,0.70209,0.99647,0.99467,-0.18064
Case_9-02,gauss,1,1.4,8,33.53431,33.07234,-1.3776,0.94859,0.95334,0.50074,0.99647,0.99338,-0.31009
Case_9-02,gauss,1,1.7,10,33.53431,32.21055,-3.94748,0.94859,0.94754,-0.11069,0.99647,0.9908,-0.56901
Case_9-02,gauss,1,2,12,33.53431,31.15476,-7.09587,0.94859,0.939,-1.01097,0.99647,0.98718,-0.93229
Case_9-03,gauss,1,0.4,2,33.11156,23.58284,-28.77762,0.94377,0.8673,-8.10261,0.99541,0.93202,-6.36823
Case_9-03,gauss,1,0.7,4,33.11156,32.12389,-2.98286,0.94377,0.94392,0.01589,0.99541,0.99214,-0.32851
Case_9-03,gauss,1,1.1,6,33.11156,32.60123,-1.54124,0.94377,0.94531,0.16318,0.99541,0.99262,-0.28029
Case_9-03,gauss,1,1.4,8,33.11156,31.99962,-3.35816,0.94377,0.93735,-0.68025,0.99541,0.99049,-0.49427
Case_9-03,gauss,1,1.7,10,33.11156,30.87866,-6.74357,0.94377,0.92295,-2.20605,0.99541,0.98632,-0.91319
Case_9-03,gauss,1,2,12,33.11156,29.64899,-10.45728,0.94377,0.90434,-4.17792,0.99541,0.98051,-1.49687
Case_9-04,gauss,1,0.4,2,33.20139,24.88485,-25.04877,0.95883,0.90281,-5.84254,0.99397,0.93251,-6.18329
Case_9-04,gauss,1,0.7,4,33.20139,32.75761,-1.33663,0.95883,0.95998,0.11994,0.99397,0.99157,-0.24146
Case_9-04,gauss,1,1.1,6,33.20139,33.20045,-0.00283,0.95883,0.96185,0.31497,0.99397,0.99182,-0.2163
Case_9-04,gauss,1,1.4,8,33.20139,32.73662,-1.39985,0.95883,0.95774,-0.11368,0.99397,0.98951,-0.44871
Case_9-04,gauss,1,1.7,10,33.20139,31.82533,-4.14459,0.95883,0.94989,-0.93239,0.99397,0.9853,-0.87226
Case_9-04,gauss,1,2,12,33.20139,30.78625,-7.27421,0.95883,0.93969,-1.99618,0.99397,0.97963,-1.4427
Case_9-05,gauss,1,0.4,2,32.88647,24.81805,-24.53416,0.95386,0.89542,-6.12669,0.99348,0.9328,-6.10782
Case_9-05,gauss,1,0.7,4,32.88647,32.32176,-1.71715,0.95386,0.95447,0.06395,0.99348,0.9905,-0.29996
Case_9-05,gauss,1,1.1,6,32.88647,32.62993,-0.78008,0.95386,0.95463,0.08072,0.99348,0.99044,-0.306
Case_9-05,gauss,1,1.4,8,32.88647,31.92611,-2.92023,0.95386,0.9467,-0.75063,0.99348,0.98717,-0.63514
Case_9-05,gauss,1,1.7,10,32.88647,30.77099,-6.43268,0.95386,0.93328,-2.15755,0.99348,0.98129,-1.227
Case_9-05,gauss,1,2,12,32.88647,29.5578,-10.1217,0.95386,0.9165,-3.91672,0.99348,0.97339,-2.02218
Case_9-07,gauss,1,0.4,2,33.11005,23.21675,-29.88005,0.94785,0.86877,-8.34309,0.99587,0.9322,-6.3934
Case_9-07,gauss,1,0.7,4,33.11005,31.97514,-3.42769,0.94785,0.94673,-0.11816,0.99587,0.99249,-0.3394
Case_9-07,gauss,1,1.1,6,33.11005,32.53018,-1.75134,0.94785,0.94879,0.09917,0.99587,0.99316,-0.27212
Case_9-07,gauss,1,1.4,8,33.11005,31.98584,-3.39537,0.94785,0.94248,-0.56655,0.99587,0.99135,-0.45387
Case_9-07,gauss,1,1.7,10,33.11005,30.90825,-6.64994,0.94785,0.93062,-1.8178,0.99587,0.98768,-0.8224
Case_9-07,gauss,1,2,12,33.11005,29.6978,-10.30578,0.94785,0.91507,-3.45835,0.99587,0.98251,-1.34154
Case_9-08,gauss,1,0.4,2,33.30027,23.57112,-29.21643,0.95588,0.88308,-7.61602,0.99578,0.93468,-6.13589
Case_9-08,gauss,1,0.7,4,33.30027,32.32008,-2.94349,0.95588,0.95479,-0.11403,0.99578,0.99288,-0.29123
Case_9-08,gauss,1,1.1,6,33.30027,32.78242,-1.55509,0.95588,0.95617,0.03034,0.99578,0.99336,-0.24303
Case_9-08,gauss,1,1.4,8,33.30027,32.21723,-3.25235,0.95588,0.95049,-0.56388,0.99578,0.99154,-0.4258
Case_9-08,gauss,1,1.7,10,33.30027,31.173,-6.38815,0.95588,0.94025,-1.63514,0.99578,0.98803,-0.77828
Case_9-08,gauss,1,2,12,33.30027,30.01531,-9.86466,0.95588,0.92711,-3.00979,0.99578,0.98318,-1.26534
Case_9-10,gauss,1,0.4,2,33.04895,24.29496,-26.48795,0.95897,0.89826,-6.33075,0.99506,0.93712,-5.82276
Case_9-10,gauss,1,0.7,4,33.04895,32.3468,-2.12458,0.95897,0.9588,-0.01773,0.99506,0.99227,-0.28039
Case_9-10,gauss,1,1.1,6,33.04895,32.77317,-0.83446,0.95897,0.96027,0.13556,0.99506,0.99258,-0.24923
Case_9-10,gauss,1,1.4,8,33.04895,32.18011,-2.62895,0.95897,0.95481,-0.4338,0.99506,0.99032,-0.47635
Case_9-10,gauss,1,1.7,10,33.04895,31.10075,-5.89489,0.95897,0.94477,-1.48076,0.99506,0.98603,-0.90748
Case_9-10,gauss,1,2,12,33.04895,29.91246,-9.49044,0.95897,0.93171,-2.84263,0.99506,0.9801,-1.50343
