name,type,method,filter_size,jpg_PSNR,PSNR,delta_PSNR,jpg_SSIM,SSIM,delta_SSIM,jpg_brisque,im_brisque,delta_brisque,jpg_niqe,im_niqe,delta_niqe
Case_1-01,avg,multi,9,40.1243415195432,28.9562560623063,-27.8336915555295,0.993165191062803,0.961634910363106,-3.17472672053232,48.5780172238037,53.2273196523218,9.57079496904605,5.05276719129287,17.3619879334367,243.613455283584
Case_1-02,avg,multi,9,40.2936625114587,28.7872162508509,-28.5564665593146,0.993246756269472,0.963999048020599,-2.94465681002825,53.8161610245821,52.1237823670023,-3.14474058602345,5.9108498153191,16.6192224106028,181.164687479131
Case_1-03,avg,multi,9,40.7579823144546,30.6183218861881,-24.8777291035592,0.99442544809773,0.974255663583735,-2.02828523270179,47.5404266849396,54.2082462372566,14.025577844528,5.40913135397936,18.3962387555478,240.095988647312
Case_1-04,avg,multi,9,40.7566554300348,30.7333258475582,-24.5931111783281,0.995071328187904,0.977521371548285,-1.76368830479508,53.7920847374751,53.6032799424759,-0.350989919652014,6.0792129057849,19.2126144255467,216.037860876105
Case_1-05,avg,multi,9,40.6563617536659,30.3723255366191,-25.2950233947569,0.994472962102587,0.972675088885762,-2.19190204736572,46.3343127857079,54.4381053501081,17.4898300572181,5.28565236009879,18.396764562676,248.050974777542
Case_1-06,avg,multi,9,40.1417386244417,28.9620254132912,-27.8505954008263,0.994496388276641,0.966563102819604,-2.80878701886913,52.8066694589346,52.8179635767111,0.0213876729819235,5.52714078445491,17.6644110631127,219.594013468842
Case_1-07,avg,multi,9,40.4615973408956,29.7088504513542,-26.5751912831016,0.995364202567059,0.970275078993048,-2.52059733606108,49.1584440070043,54.0954071927093,10.0429606457875,5.23736482224744,17.2049331922872,228.503623028199
Case_1-08,avg,multi,9,40.8944470608014,30.76631213528,-24.7665285960779,0.99383241866745,0.972896228367028,-2.10661172921825,49.0591481238253,53.4799182048153,9.01110241423674,5.68987558094885,18.3745033705028,222.933306872743
Case_10-01,avg,multi,9,39.5930836838117,26.1873934839404,-33.8586665967431,0.991118220598189,0.88302336527691,-10.9063533567204,44.3411033183141,57.8615810481284,30.4919740782138,4.23115178571016,14.8228977274679,250.327723470691
Case_10-02,avg,multi,9,40.733794669932,26.6068318429954,-34.6811853435413,0.992912062382252,0.897921928330424,-9.56682244587929,45.8059811647051,55.7787318763313,21.7717216355808,5.43571905065486,15.9026438194395,192.558236936909
Case_10-03,avg,multi,9,38.8352646797474,25.9205296401876,-33.2551745071402,0.989286174641934,0.874612466598526,-11.591560761972,43.9798875119894,57.6764852955367,31.1428667929482,4.56483489340935,14.4557755902505,216.676855303606
Case_10-04,avg,multi,9,39.8312760942389,25.7727639204315,-35.2951588609555,0.992085959710756,0.884604648471745,-10.8338708140116,44.5691755878955,56.7372297922991,27.3015016407624,4.36448421475901,14.4820434118281,231.815689992768
Case_10-05,avg,multi,9,41.7899652277262,29.4576607454765,-29.5102051773607,0.992970263291856,0.939277284092142,-5.40730988476066,49.5070847701359,56.4991356899272,14.123333967766,5.19510269667655,15.1597057775899,191.807624655581
Case_10-06,avg,multi,9,40.7310213493126,26.7923573485323,-34.2212484220349,0.993084464121922,0.905785571741812,-8.79068151139581,46.6571605832253,55.3211028010456,18.569373081257,5.06929549086995,15.9315243597783,214.274920222578
Case_10-07,avg,multi,9,40.5605642863538,26.5241224721468,-34.6061305141395,0.993285302752977,0.903192300787258,-9.07020386952456,45.585122532247,57.5571019580162,26.2629093895717,4.82977595381036,14.3259249466409,196.616759941809
Case_10-08,avg,multi,9,40.5229346931248,26.6238227279327,-34.2993716285564,0.993147472315679,0.904715302080328,-8.90423353030915,45.6239641853153,57.6879483814923,26.4422095089665,4.72161208708533,14.403122095164,205.046705013311
Case_10-09,avg,multi,9,40.0078780489051,26.6246696864456,-33.4514326055984,0.992651311183458,0.901194258413976,-9.2134117730066,44.3244257077193,58.299424229136,31.528887962519,4.5605729705345,15.9634349062224,250.031344950752
Case_10-10,avg,multi,9,40.7102571824844,27.8388670160463,-31.6170691546898,0.99149195570297,0.898465412514543,-9.3824808818011,44.1680823941782,60.6363300039,37.2854032075716,4.87562609319863,15.8627840118319,225.348656943978
Case_11-07,avg,multi,9,40.9368636724512,27.8281204491987,-32.0218552357593,0.9893390384666,0.903298529641387,-8.69676677861308,48.0217404176075,56.6794141983801,18.0286547415473,4.67944116028176,14.0430012414911,200.099964087283
Case_11-09,avg,multi,9,44.5031593587925,34.4521307983635,-22.5849775729309,0.984656638030746,0.962891652974902,-2.21041368282169,37.6591836860141,55.2580663151147,46.7319811704693,6.02593098433085,15.6122555981155,159.084540442163
Case_11-10,avg,multi,9,42.5756634263367,31.0808583732182,-26.9985342048904,0.986162652770785,0.937735433766091,-4.91067258211713,36.0037481822009,53.286712730426,48.0032369428948,4.43299754088983,13.8802866523671,213.112888611729
Case_11-11,avg,multi,9,42.8280863348487,31.065243559718,-27.4652541866186,0.987084766978264,0.939074719331627,-4.86382216125254,36.2271863033264,55.7108590276135,53.7819099754322,4.56762776806261,14.7551802238734,223.03814962864
Case_11-12,avg,multi,9,42.452985164693,30.6261205413455,-27.8587349687332,0.987623947923083,0.934216951400917,-5.40762469708005,35.1433886250954,60.1824219820558,71.2482043893754,4.65717232688841,14.2721519143746,206.45531048902
Case_11-13,avg,multi,9,43.8380530697313,32.6480459972496,-25.525784766678,0.985485177877938,0.949438687828523,-3.65774045704422,33.1575177633229,54.3839803057999,64.0170434167922,5.03567359698509,14.1907071382616,181.803553486027
Case_11-15,avg,multi,9,42.003660040386,29.7344965428107,-29.2097485928099,0.99248820071776,0.940419208560719,-5.24630843161518,45.8712119351911,56.4122251756524,22.9795830451441,4.95221971016896,14.2810401126063,188.376545234482
Case_12-01,avg,multi,9,41.0111927282213,31.6969792241233,-22.7113938524606,0.994263011660051,0.972058180660852,-2.2332954901063,44.7633284912045,58.0069661191095,29.5859089891119,6.11088114570221,17.6521277558903,188.863869792413
Case_12-02,avg,multi,9,40.7871974743764,31.6583115557582,-22.3817434977071,0.994541972462326,0.973163208920253,-2.14960897921105,47.1136523380002,58.4245791170761,24.0077476862326,6.272331413327,18.4864663494865,194.730382234073
Case_12-03,avg,multi,9,40.6606092823555,31.4651898338651,-22.6150557278558,0.994187045093173,0.971946105970142,-2.23709806246244,46.4684751723321,57.708056468018,24.1875405939251,6.1421161429178,17.750904009299,189.003066634727
Case_12-04,avg,multi,9,41.7569511599559,30.0846787792318,-27.9528846251533,0.995485618639682,0.957781295417706,-3.78753068010153,48.8370112617688,59.0386184293315,20.8890898603144,6.10707009558806,18.2952238551567,199.574486108712
Case_12-05,avg,multi,9,41.2799432304647,29.4272969046066,-28.7128455087382,0.994572917810022,0.947637753313399,-4.71912754270156,47.7722825254363,59.243440614808,24.0121624568889,5.1615130082406,17.4096740877809,237.297882616697
Case_12-06,avg,multi,9,40.6838040318007,29.6506738846385,-27.1192195757752,0.994196235123879,0.953191944126986,-4.12436594992578,46.88827963153,59.5219567383863,26.9442112317567,5.11247720891657,17.4926882033775,242.156795787154
Case_12-07,avg,multi,9,41.0057019212603,29.5298179044633,-27.9860689589782,0.994053340034389,0.946185662264029,-4.81540334331595,47.2506723667254,59.467814778104,25.8560181251137,5.13713571237346,17.7448326339676,245.422695203999
Case_12-08,avg,multi,9,40.9910848479172,29.9535511663758,-26.9266688659065,0.994751006778037,0.956208963826869,-3.87454173844015,47.245330104084,58.9586629620914,24.7925727943951,5.56401364312637,17.7808521694194,219.568809673667
Case_12-09,avg,multi,9,41.1973509689648,29.9386115712464,-27.3287945290462,0.995264592245089,0.960283470862673,-3.51475594078016,47.8383897564182,59.299770951099,23.9585430300631,5.44530600574033,17.4439976576979,220.349263003931
Case_12-10,avg,multi,9,40.5052619220948,31.3017906029212,-22.7216684510643,0.994174284836685,0.973188052732658,-2.11092083391341,47.2340035266977,56.5583417019822,19.7407322671986,6.2405336716369,18.8820117561035,202.570465117781
Case_12-11,avg,multi,9,41.3201892911475,29.524825228087,-28.5462488565789,0.995114189323561,0.95927409299403,-3.60160639995433,45.9959369333285,57.4114305901972,24.8184827138438,5.30574421386866,16.2107977379156,205.532967374158
Case_12-12,avg,multi,9,40.9411338466521,30.2143111914346,-26.2005998548931,0.993506600367723,0.957654964647493,-3.6085956255308,45.6064423190951,59.1073741305978,29.6031243065193,5.43919702605624,17.1148541685924,214.65773507752
Case_13-01,avg,multi,9,40.3110678055739,27.5281470528559,-31.7106974550311,0.991095880771698,0.902541066638501,-8.93504007546125,44.0103834196838,59.5410330932021,35.2886034311896,4.55755444896653,15.4966337552291,240.020814424786
Case_13-02,avg,multi,9,40.3473125222445,27.0245658614345,-33.0201587862012,0.990621962501725,0.882745509302403,-10.8897699912578,43.5223920060981,58.6264706549558,34.7041556142903,4.29119870285684,15.3002476588481,256.54950325796
Case_13-03,avg,multi,9,40.574787971072,27.179939426784,-33.0127382399088,0.991547113887202,0.895637483775572,-9.67272545785856,44.1905143454065,59.4483135631388,34.5273175561449,4.69171143368485,15.3822706280847,227.860543972193
Case_13-04,avg,multi,9,40.9274511082999,29.3294727212624,-28.3378956494203,0.990075412746099,0.920117176315284,-7.06595028319877,45.103572833803,61.4036616628491,36.1392408736851,4.75192283895638,16.4529062461713,246.236814101651
Case_13-05,avg,multi,9,40.4511249031522,29.3943414493513,-27.333685973562,0.990458891042677,0.929636505142165,-6.14082890774834,43.1904393786219,61.0392795471892,41.3259055137142,5.2369952116765,15.9240126858385,204.067734305619
Case_13-06,avg,multi,9,40.7162079835956,27.4357416382379,-32.6171492952102,0.99237457406576,0.904713520888128,-8.83346424510703,44.6459252034246,59.1554727900882,32.4991531042358,4.4699219884167,15.8782961793807,255.225353384859
Case_13-07,avg,multi,9,40.0456286163906,28.1757814593478,-29.640806168253,0.990591320773768,0.91394906453834,-7.73702077013575,43.378201219694,60.1746333329828,38.7209050652454,4.44957031801162,15.9698812320224,258.908390937821
Case_13-10,avg,multi,9,40.3431125602203,28.0402882754372,-30.4954761891973,0.989334416310908,0.902554657299556,-8.77152938183853,44.5918374255833,59.8143069037766,34.1373452116595,4.46965124100897,15.6419838019407,249.95982815003
Case_13-11,avg,multi,9,40.36770984048,27.0291816200212,-33.0425686103281,0.989987365021685,0.888767288368471,-10.2243806567164,44.5246149431246,58.4817918346664,31.3471029662371,4.56948909262332,15.8810751779102,247.545969713498
Case_13-12,avg,multi,9,41.1853045841604,27.5259148301509,-33.1656883248177,0.990842485550154,0.898523949222892,-9.31717580479026,48.5053586498478,53.8736322356511,11.0673825227354,4.97381610219577,14.4276956125439,190.07296040106
Case_14-01,avg,multi,9,40.6081473960589,30.0420970855751,-26.0195329952659,0.984486889133617,0.900658063469499,-8.51497633837366,48.95627213398,59.4420685144521,21.4186986128667,5.82654222035173,17.5507899699133,201.221364338691
Case_14-02,avg,multi,9,40.5989297588905,29.1598075407803,-28.1759206118117,0.983731517220021,0.86605723386961,-11.9620324540331,45.7733688080795,60.111847245365,31.324935897562,5.27625539011326,17.1409703046834,224.869988985038
Case_14-03,avg,multi,9,40.8617779076234,29.0750858720873,-28.8452745795407,0.986721523440019,0.888423744608748,-9.96205884802982,46.6293763323414,59.1347692370345,26.8187007597173,4.99148733343509,16.4702139417824,229.966057039912
Case_14-04,avg,multi,9,41.400273694879,29.1990327575856,-29.4714016318271,0.993510888694905,0.936416284595882,-5.74675172146567,46.6974385167673,59.5787233552959,27.5845640524876,4.91833564795031,16.0659677849985,226.65456233541
Case_14-05,avg,multi,9,40.827052767097,28.8976222779791,-29.2194260437334,0.987177607416376,0.893511187000373,-9.48830481083794,47.3051304161173,58.0324478252173,22.6768583338376,4.91851259401036,16.419140650407,233.823291830173
Case_14-06,avg,multi,9,40.7593627272814,29.0977503132846,-28.6108801357469,0.990703865210651,0.920669358878127,-7.06916655842793,47.1359625162991,58.901301270327,24.9604296294142,5.26551915596681,16.2300766556899,208.23317084125
Case_14-07,avg,multi,9,40.5759111172299,28.7027000114722,-29.2617239609341,0.98758833122317,0.885185084808154,-10.3690215019233,45.8251062387315,59.8120788937218,30.5225100453091,5.21411837780664,15.2265774270123,192.02592506957
Case_14-08,avg,multi,9,40.9825206017093,29.3501265273444,-28.3837936358646,0.989910632527766,0.912142129372066,-7.85611353189694,47.4413024189344,59.6894347489395,25.8174453598404,4.93773846673607,17.5290824258222,255.002245337818
Case_14-09,avg,multi,9,40.8791733220383,29.1214111055203,-28.7622308892907,0.987979838025813,0.888548993288125,-10.0640560576997,46.3229744537868,59.8827277362285,29.2721990380157,4.99955059971271,16.2060475340022,224.150085308336
Case_14-11,avg,multi,9,40.6347454610854,28.9557233364787,-28.7414674119008,0.985057610735567,0.870926757551455,-11.586210993171,45.0873694750729,59.8885330946443,32.827738215587,5.26449287021899,16.7325239703503,217.837337476616
Case_14-12,avg,multi,9,40.9922175378572,29.2685171582495,-28.5998198774697,0.984914970693616,0.869914096644569,-11.6762235797938,46.2856580544213,59.5128196350783,28.5772356635934,4.81726589656943,15.5649413750569,223.107374789947
Case_15-02,avg,multi,9,42.0597099960202,31.8149696437516,-24.3576105333061,0.98982619518326,0.948465263955368,-4.17860543893102,42.9364934399521,57.8244020694065,34.6742536166245,6.05522835369932,16.4931544981306,172.378736766459
Case_15-03,avg,multi,9,40.9230120604871,29.9064245872288,-26.9202752157515,0.988217413443731,0.930634594638905,-5.82693828518584,50.247243140015,57.7099490547294,14.8519708711569,5.17249847332673,16.8509800919512,225.780281595972
Case_15-04,avg,multi,9,41.9047465064733,32.3157302597616,-22.8828880881798,0.989915138964333,0.951178222043936,-3.91315531964932,40.7016826122581,59.0876358371692,45.1724647358283,5.65887435055814,16.346561832879,188.865962031242
Case_15-05,avg,multi,9,42.1533305085675,32.7572111849871,-22.2903367544604,0.991842651711172,0.959871956419076,-3.22336362899282,41.6898321867059,59.9848880277397,43.883735868977,5.96756632083848,16.6975679593366,179.805318644376
Case_15-06,avg,multi,9,42.0663070808222,32.7738847361977,-22.0899408326264,0.992277359582069,0.959546958747615,-3.2985133156962,40.0562292980952,60.3808240262002,50.7401597310895,5.98326977185815,17.2339267337466,188.035261502081
Case_15-07,avg,multi,9,42.3099757989073,33.4941962095921,-20.8361726114316,0.99384930447978,0.972235719576175,-2.17473462085058,46.8239931059792,59.8526048664999,27.8246490662007,6.50240469509588,18.3276822769641,181.860067719053
Case_15-08,avg,multi,9,41.9066200404648,32.5836718204117,-22.2469581442047,0.992120787982452,0.963510428045235,-2.88375773230179,43.0742091265175,60.302241120526,39.9961655556029,5.80314957110045,15.8806596337186,173.655873231391
Case_15-09,avg,multi,9,41.596007317407,31.2819875786317,-24.7956965197934,0.991373352868324,0.950447386536773,-4.12820923753304,46.0586987428381,58.4183891533919,26.8346495839196,5.75227094969429,17.6004896966291,205.974628986565
Case_15-10,avg,multi,9,40.9697811614098,30.954061439617,-24.4466029299341,0.991970569641565,0.957012459755192,-3.5241075649053,50.055128240806,57.9197980409947,15.7120160842528,5.3493002216843,16.2239666356223,203.291383232813
Case_15-11,avg,multi,9,40.7107148787747,30.0776488222428,-26.1185933192139,0.990829792485753,0.943125233545119,-4.81460683786615,49.6808820927777,58.5378298904753,17.8276782226964,5.42733655272111,17.1762030707421,216.475731768107
Case_15-12,avg,multi,9,42.1745339815716,32.423794206912,-23.1199704042259,0.992852318847417,0.964962537891223,-2.80905633463906,43.3729027019794,58.4956604292396,34.8668334032669,6.25647683181641,17.3257914738727,176.925687405489
Case_16-01,avg,multi,9,41.7506393909611,31.5734442510019,-24.3761419906841,0.98599097457988,0.9410284035706,-4.56014022120618,38.2250899104248,60.0860576585919,57.1901015782963,5.37865537590272,15.6721509401991,191.376744649098
Case_16-02,avg,multi,9,41.8898028220921,32.1274366159767,-23.3048750493685,0.989928753690464,0.957302027675065,-3.29586608064122,41.265349711271,55.6603960170356,34.8841010835607,5.54145830300435,16.3075142847206,194.281999304756
Case_16-03,avg,multi,9,41.5550229740927,31.0334990433502,-25.3194997324442,0.987875351045851,0.935918744512301,-5.25942938838835,35.610851952919,58.4094428032118,64.0214698610266,4.98064001296287,15.2232477224568,205.648424355826
Case_16-04,avg,multi,9,42.0437709042922,32.0745046504544,-23.7116367999713,0.987389660671183,0.94540409922572,-4.25217754629141,37.6993744716401,59.6371859346632,58.1914468621388,5.64272160237508,15.649983696881,177.34814509179
Case_16-05,avg,multi,9,41.980497057403,31.7636451870142,-24.337138877652,0.986320401332131,0.947767254826295,-3.90878526427777,37.8882291214112,55.7926470264731,47.2558847965367,5.5478858614578,15.5759474551463,180.754648601467
Case_16-06,avg,multi,9,40.8642376942253,30.2995640613811,-25.8531034199057,0.992169904948098,0.951448340890803,-4.10429341327631,44.4805819334174,58.9631376919198,32.559276720303,5.14544144076471,16.6979283116966,224.518867893576
Case_16-07,avg,multi,9,41.9071849615702,31.6027948747874,-24.5886000126998,0.990011201082434,0.953533836045087,-3.68454063928416,40.1668147255327,58.1436511157623,44.7554442966628,5.0223022407424,16.169534509458,221.954628263628
Case_16-08,avg,multi,9,40.9808203565945,30.6714130467556,-25.1566640690246,0.992673056665318,0.953333582472807,-3.96298397829636,47.1380580646465,60.2407886570964,27.7965005993257,5.28313514965156,16.596424981011,214.139701349597
Case_16-09,avg,multi,9,41.4484758986632,31.3176566742466,-24.4419583706414,0.991294390398174,0.950658961184781,-4.09922921051441,45.774557361174,59.2850157763305,29.5152136776664,5.98423684027914,16.2737715669808,171.943975503177
Case_16-10,avg,multi,9,41.9138920062146,32.8570043742235,-21.6083193387249,0.989537516712295,0.95026346861018,-3.96892967055977,41.3333126206504,60.84860919389,47.2144508531108,6.4218719767518,16.5750884126915,158.103688032025
Case_16-11,avg,multi,9,41.1527713879631,31.5723006871493,-23.2802564145559,0.993022652653416,0.963236550272474,-2.9995390640235,46.5172479678122,59.6002143597788,28.124979364685,5.45333973905562,15.1937011048016,178.612773673124
Case_16-12,avg,multi,9,41.2037664620823,31.4456889928973,-23.6824890223684,0.992834867064233,0.960795923148588,-3.22701639300624,44.4348551295668,59.2172909927883,33.2676585084335,5.31642442000656,16.0189370442962,201.310350317676
Case_16-13,avg,multi,9,41.038933728537,30.6442288436125,-25.3288863538295,0.992053522341893,0.952564052007669,-3.98057861243237,47.3352817184683,59.3036375437452,25.2842180098558,4.99029939866669,16.1506916955087,223.641737804826
Case_17-01,avg,multi,9,40.4893738637087,29.4354324672442,-27.3008454852207,0.993196520814884,0.952937208467083,-4.05350920025069,46.4044795255673,59.0117267848201,27.1681686512755,4.87738851595449,16.9700136640205,247.932374230794
Case_17-02,avg,multi,9,40.2663881663561,29.7289048664486,-26.1694276039187,0.993197902310419,0.958631971392352,-3.48026620250182,48.7215290660328,58.475075664833,20.0189665344476,5.69497946185686,16.9526347542816,197.676837428912
Case_17-03,avg,multi,9,40.3401057611078,29.1070061267666,-27.8459845912728,0.991772963567558,0.94476345022488,-4.73994705134701,46.6715454627743,58.3172864984953,24.952550682106,5.04651545635714,17.9329146889815,255.352417803284
Case_17-04,avg,multi,9,40.1827488407105,28.9250591012958,-28.0162260278451,0.993070045661353,0.950311489050274,-4.30569392339324,46.5706397858526,57.719813907136,23.9403499126294,4.89533948648933,16.8933066806892,245.089584232374
Case_17-05,avg,multi,9,40.5817861760357,29.0462645493206,-28.4253669285927,0.990635323358766,0.93671818021905,-5.4426832829773,47.2016648313318,58.4572069463022,23.8456464516463,4.89516586954939,16.7872927145554,242.936136627802
Case_17-06,avg,multi,9,39.7246067001852,28.22719379552,-28.9427985818461,0.992102306165053,0.939993877726976,-5.25232409140346,45.7820547505243,57.2609735709046,25.0729655602643,4.75809278694165,16.7172670669669,251.343864349318
Case_17-07,avg,multi,9,40.445020730211,29.1994580450783,-27.8045665006487,0.992645042404579,0.947982327041199,-4.49936416900738,48.5754558899954,57.429122201504,18.2266252560937,5.41972299640476,17.3937128922718,220.933614205193
Case_17-08,avg,multi,9,40.7569760756542,29.8758301294199,-26.697628219612,0.994120704022591,0.960892239199478,-3.34249801745984,49.9919593037543,59.1433063703209,18.3056379346176,5.32806484931548,17.2204389443006,223.202502809495
Case_17-09,avg,multi,9,40.6116158464246,29.4822121263045,-27.4044838851196,0.992541192725141,0.952292330927416,-4.05513263255266,47.9579532223376,57.434614786031,19.7603544916914,4.7901881956514,15.7001900980886,227.757270838365
Case_17-10,avg,multi,9,40.9001424931561,29.739494298135,-27.2875533303793,0.991942603903668,0.94791890116285,-4.43813004578777,49.3704038393325,57.7862468081323,17.0463320417383,5.27398433291453,18.5393410844614,251.524386766924
Case_17-11,avg,multi,9,39.6893380627512,28.5345159077991,-28.1053368471796,0.993866584952819,0.954108165630367,-4.00037791031467,46.98750761514,57.0536526934953,21.4230240956894,5.11717142130362,17.609906569073,244.133606620252
Case_17-12,avg,multi,9,40.305383942563,29.1632579324295,-27.644262180982,0.992325276963886,0.948178597142785,-4.44881137727064,48.428371604011,57.2864658253036,18.2911254867776,5.23314898223992,17.8089537479341,240.310467146521
Case_2-01,avg,multi,9,42.5177628789651,33.5620494845218,-21.0634633339894,0.992246123906767,0.972587076747367,-1.98126721644386,43.9298260609891,57.4256097848955,30.7212318691401,6.33497381597847,18.1458701816974,186.439545115857
Case_2-02,avg,multi,9,42.7075509884463,34.6950286360176,-18.761371623946,0.992281005479367,0.981700301130106,-1.06630120810888,47.6422231498425,59.2561836641181,24.3774529113552,7.14958798726614,17.9170805846638,150.602980431533
Case_2-03,avg,multi,9,42.0301422927871,32.9139367113281,-21.6896852690968,0.993347079295159,0.975779935704542,-1.76847991570909,42.2347651974542,58.274308999695,37.9771113376703,6.98690574056007,18.2185342436253,160.752540825961
Case_2-04,avg,multi,9,42.3780395189178,33.7514252369643,-20.3563316752834,0.993207584090285,0.97877477973207,-1.45315084071114,45.665062011138,57.4184837674865,25.7383243090346,6.87102523333127,19.0403725585262,177.111084764491
Case_2-05,avg,multi,9,43.6475283539651,37.0321493101442,-15.1563657629652,0.991175609176272,0.982886632643601,-0.836277290919181,43.5154431770058,52.8469075070558,21.4440291739482,7.8925477364813,19.7260595321614,149.932723763996
Case_2-06,avg,multi,9,43.0906276780858,35.2470769972103,-18.202451678058,0.992718085137665,0.985341131358166,-0.7431066170691,54.3654207058895,60.5287529597428,11.3368611404594,8.08952908772281,18.5906274771654,129.810997346925
Case_2-07,avg,multi,9,42.8394079747001,35.0420428089571,-18.2013840395458,0.992881235649258,0.984385264104329,-0.855688599993826,53.9136968067365,59.1036169328581,9.62634809615422,7.31422350966291,19.2362518225807,162.997867062272
Case_2-08,avg,multi,9,42.4162472231795,33.8935174120543,-20.0930784052666,0.993150274539137,0.979259163048616,-1.39869180391321,46.4122892423223,57.5451416777034,23.9868634301909,7.20868863202846,19.4689290604232,170.075877239613
Case_3-01,avg,multi,9,41.307437692703,31.9224746841651,-22.7197897830291,0.993053638434328,0.973437694738696,-1.9753156261085,54.1805146383248,52.6744219328925,-2.77976817954946,6.01002949194411,15.9557620968751,165.485587354643
Case_3-02,avg,multi,9,40.2865974369392,30.1664179818431,-25.1204621361665,0.993681147372306,0.965828255957626,-2.80300089101364,53.6679424528539,54.3143320108357,1.20442396044835,5.49098849092056,16.8229688846354,206.374142150406
Case_3-03,avg,multi,9,40.2847323803669,29.9810099257007,-25.5772394300124,0.992307267418318,0.958400555168114,-3.41695696116572,52.9651578407578,53.8295409181224,1.63198433197048,5.20498115333242,15.8488462260885,204.493825418398
Case_3-04,avg,multi,9,40.46461065589,30.5372226361652,-24.533506831802,0.993997176000142,0.965610252806677,-2.85583539660481,51.0016363349276,56.5099284327293,10.8002262155448,5.21565292602728,17.1345757322067,228.522161562962
Case_3-05,avg,multi,9,40.1070872317667,30.2047997497699,-24.6896201281696,0.99317457303222,0.96765356726911,-2.5696394627979,50.5812990579187,54.3208074949015,7.39306523681973,5.67618984765662,16.2528024472227,186.332960725981
Case_3-06,avg,multi,9,40.2408621760973,30.0673166345206,-25.281629148641,0.993006957473022,0.957986394561463,-3.5267187856043,49.6234232341572,57.4188154923924,15.7090981439374,5.26758212319424,17.3418616029038,229.218628154728
Case_3-07,avg,multi,9,40.7710337035507,32.2239876760417,-20.9635254520532,0.995538766899587,0.978904758381419,-1.67085492511466,47.1843516907371,59.2600748031233,25.5926439162176,5.95322584115053,18.083506902424,203.759799895802
Case_3-08,avg,multi,9,40.7408121352567,30.4772011903328,-25.1924554445537,0.993463630748825,0.965396493994536,-2.82518009573571,55.3166868031109,57.1430913646631,3.30172442910932,6.40248452096811,16.5255749855461,158.111908454052
Case_3-09,avg,multi,9,41.131086245922,32.7253732898,-20.4363991406996,0.993216102506091,0.973170693408931,-2.01823239137802,49.2880930538128,59.4891409687379,20.6967794509468,6.25778648353856,18.2830164800187,192.164274510055
Case_3-10,avg,multi,9,40.6418749449739,31.3734722880024,-22.805056778311,0.994699506489618,0.972348375973843,-2.24702338444434,49.2133456560511,59.2071894967755,20.3071823455587,5.26326374097889,17.8771010065151,239.658088332662
Case_4-01,avg,multi,9,42.7205331648897,34.7356068429235,-18.6910736604024,0.990947674455422,0.984681731087227,-0.632318287808586,47.6241928034147,59.127541910896,24.1544232675299,6.71669192805183,17.3394007476367,158.153878923936
Case_4-02,avg,multi,9,41.8263489504744,33.8416295927168,-19.0901657881067,0.99721466873882,0.991020869073773,-0.621109963502704,50.9541700313946,61.9689196480905,21.6169738608427,6.86467568380226,18.0003916120083,162.217655154222
Case_4-03,avg,multi,9,41.9973715752968,33.6946282229056,-19.7696737699532,0.995442080452203,0.988554872770221,-0.691874275483034,45.8209988294559,65.4524797629756,42.8438520220553,6.28564284550318,16.6936571783715,165.583928146893
Case_4-04,avg,multi,9,41.6390502699872,33.446302347296,-19.6756358984402,0.997296146943675,0.990520142311673,-0.679437562530197,49.9536064670217,61.596845267328,23.3081045069147,6.376787703006,18.0766450885114,183.475723678085
Case_4-05,avg,multi,9,41.6388733072671,33.1725556533098,-20.3327251231835,0.996766147618317,0.988216227944494,-0.857765855537134,49.075208799759,61.568631347113,25.4577063509413,6.47435374698302,18.7555213733116,189.689474907847
Case_4-06,avg,multi,9,41.8234730165301,33.5449481898008,-19.7939679075848,0.996923606237203,0.990733040428044,-0.620966919674512,55.2717747320059,59.7357328413395,8.07637918445315,7.44121216850045,17.8005874925805,139.216233719723
Case_4-07,avg,multi,9,41.9694131752152,34.2756783626668,-18.331766471045,0.996560209121327,0.990665545355913,-0.591501016342065,45.7052833620013,66.3175005212181,45.0981060459929,6.35551692967407,17.0692181625901,168.573246699941
Case_4-08,avg,multi,9,42.952663787659,36.6030196419246,-14.7828879184874,0.996687007738277,0.992872891809949,-0.382679406746052,48.8604325428241,64.9705288844325,32.9716613283939,7.96268486130395,17.862367376429,124.325936384023
Case_4-09,avg,multi,9,42.1723849273134,34.5812867667747,-18.0001633145066,0.997199315080903,0.991536709064932,-0.567850973254223,46.6506291952677,65.4138303144189,40.2206817846191,6.89749112742768,18.4479287179277,167.458534952948
Case_4-10,avg,multi,9,41.5103381247098,32.9624751361495,-20.592130478147,0.996164698821682,0.987647865195144,-0.854962400957609,50.5919682367263,59.801781777569,18.204102077525,6.188559094207,17.7233622748266,186.38915788034
Case_5-01,avg,multi,9,42.2184946579638,33.4432819280695,-20.7852335830239,0.992770711425418,0.974074554693295,-1.88323008696332,49.9296117592758,58.4457541588615,17.0562960526196,6.80877361275006,18.0940620115709,165.746271511923
Case_5-02,avg,multi,9,42.5044667441731,33.6598490446498,-20.8086781861246,0.989949509267233,0.970277667676743,-1.9871560525396,51.253718847535,58.1501726785706,13.4555189088826,6.63546105768352,18.6132889736361,180.512368497481
Case_5-04,avg,multi,9,42.7565639495245,33.9970300650185,-20.486992113882,0.989771312583484,0.97255545397499,-1.73937740866195,46.7518062141719,60.4246264151306,29.2455443075779,6.40842137840232,18.6767892449245,191.441341667529
Case_5-05,avg,multi,9,42.5425138591723,33.9307587722075,-20.2427038408498,0.993159216057417,0.978305410436773,-1.49561171869407,55.1558907700461,58.2378379291867,5.58770262996872,7.57892292402838,19.4382873191492,156.478229347361
Case_5-07,avg,multi,9,42.6651039367332,33.9780201498769,-20.3610983808644,0.990574429141205,0.973410150194048,-1.73276014827448,49.3180285941322,60.7572469427834,23.1948005115764,6.21774305430291,18.6611966213165,200.128140682852
Case_5-08,avg,multi,9,42.4709891365469,33.706557788363,-20.6362779072692,0.991902920106011,0.975279663043164,-1.67589556658127,55.000412588503,57.9054992956678,5.28193620818777,7.35638361751793,19.4402285016351,164.263386908503
Case_6-01,avg,multi,9,40.4450749265611,29.8434113033165,-26.2124959404693,0.992873143326068,0.964477383995328,-2.85995844701939,48.0386433206772,54.8595096758499,14.1987072982905,5.24735246855855,16.1153703819819,207.114311046248
Case_6-02,avg,multi,9,40.3562738345134,29.6761265408373,-26.4646516610317,0.992592847584084,0.962909655240064,-2.99047010224454,50.3106364478088,55.463232058505,10.2415631653584,5.59105613167987,17.9645684710313,221.309034428057
Case_6-03,avg,multi,9,40.4301903515367,29.9325657835284,-25.9648160860299,0.99345590114111,0.965526951498676,-2.81129233923253,48.3292852673661,56.0595919562737,15.9950776142087,5.53124116064191,17.7832914616808,221.506348127062
Case_6-04,avg,multi,9,40.9938243792845,31.1733509623094,-23.9559825551132,0.992220088621849,0.968616653500378,-2.37885076024369,41.7328471743155,55.4427331181879,32.8515470957616,5.23128910223468,16.303164531082,211.647171709889
Case_6-05,avg,multi,9,40.5441459166117,30.1951034408826,-25.525368069201,0.994127957164994,0.971796103606824,-2.24637617292795,52.627238418403,54.692834266491,3.92495580266993,5.73151987555665,17.6642690124423,208.195197713185
Case_6-06,avg,multi,9,40.7472880006067,31.0505528954165,-23.7972527277052,0.994282737351204,0.974164431582274,-2.02339887973174,47.2561258701719,54.8415523339532,16.0517315461299,5.61595376343538,18.0792985349918,221.927481894587
Case_6-07,avg,multi,9,41.0058667661805,31.4346477931303,-23.341096598753,0.992633351677338,0.969646736726555,-2.31572059431018,38.8959674569155,56.0174458825454,44.0186465206069,5.94856164388029,17.1651263729028,188.559275342836
Case_6-08,avg,multi,9,40.3817039769194,30.1967901000316,-25.2216050187211,0.991943856741357,0.964359938223773,-2.78079432924765,47.6942447490029,54.5329063303217,14.3385467519364,5.52439192664635,17.5086937521738,216.934315751972
Case_6-10,avg,multi,9,41.1153423271258,31.1583383957435,-24.2172468178943,0.992849287328636,0.97276828620861,-2.02256287800296,54.2036759836895,53.6185738745278,-1.079450975498,6.07106522110443,17.1380448726803,182.290574199474
Case_7-01,avg,multi,9,44.8568747898496,37.3847745155955,-16.6576479285733,0.983416971045561,0.967286701011684,-1.64022693412823,38.8162190182843,55.038397187236,41.792267714973,7.47620139773226,16.7740967143255,124.366570962275
Case_7-02,avg,multi,9,44.7277652038988,37.4150574888136,-16.3493697522088,0.983677243344076,0.9712062906926,-1.26778907775483,37.9991362831315,55.071896294609,44.929337036159,7.28269288729751,16.5719866450692,127.553006855117
Case_7-03,avg,multi,9,44.5269809219563,35.6598690226979,-19.9140200293391,0.98510198477444,0.965273384751778,-2.01284743398446,41.1909966238382,58.6214890154308,42.3162676804598,6.48399323076285,16.7183605252736,157.840499369347
Case_7-04,avg,multi,9,44.5915020023641,36.7198520521353,-17.6528028811666,0.98616706165761,0.970943018127898,-1.54375907710032,37.959117967599,57.2532121836949,50.8286157559427,7.25385321669976,16.6534771872933,129.581116267335
Case_7-05,avg,multi,9,44.2538534425752,35.2008023738975,-20.4570909975673,0.986680512417376,0.967283583546124,-1.9658773662945,38.4414065075738,57.0664597733488,48.450498974603,6.32279253069841,15.634867283941,147.277879323585
Case_7-06,avg,multi,9,43.9241724627487,34.793828779064,-20.78660375771,0.986232339678421,0.967844857221213,-1.8644169043578,37.1511767142108,58.5058527581689,57.4804836149097,6.55222891618182,15.4284633372647,135.468930262212
Case_7-07,avg,multi,9,43.9564710102486,35.5682053635764,-19.0831189444586,0.986743305537546,0.974140689731564,-1.27719293713544,37.2381015642734,50.5798564630172,35.8282359687854,6.46348295982947,16.3434083591365,152.8576072794
Case_7-08,avg,multi,9,44.214509587022,35.3020323289868,-20.1573586166187,0.986306716499047,0.963911722370167,-2.27059126276386,38.0357634295705,60.5993361329093,59.3219924325141,6.75877614761134,16.1767074303132,139.343737342601
Case_7-09,avg,multi,9,43.51017928239,34.482984290815,-20.7473173874707,0.988742412375577,0.969604997329904,-1.93553091342497,36.3357992728276,61.8277919915978,70.1566863229384,5.90702257090208,15.7973014695927,167.432556418694
Case_7-10,avg,multi,9,43.9529350569249,36.4453604457433,-17.0809403318762,0.979174627831952,0.952195394422227,-2.75530356311022,38.3838344074964,48.8573254291185,27.2862031198649,7.27385328047895,17.4635173247241,140.086191614442
Case_7-12,avg,multi,9,43.7955972600845,34.4595181955534,-21.3173918124415,0.987687106890389,0.964341895152486,-2.36362422623922,41.7355335624763,57.5203410201719,37.8210270968896,6.24277094097634,16.3452687970502,161.827142972091
Case_8-01,avg,multi,9,42.223548162353,30.5978153393413,-27.5337657041748,0.98224817089209,0.917883991694233,-6.55274105925811,46.7534923028466,59.1386157846063,26.4902638749098,4.99781559012759,15.7313904060982,214.765323417957
Case_8-02,avg,multi,9,42.5175271090553,31.6583877630179,-25.5403831887595,0.981272692033536,0.937917303080792,-4.41828141195858,38.0205501090338,64.0263192473585,68.3992447866915,5.18671480378216,14.2722537702464,175.169434028627
Case_8-03,avg,multi,9,42.2753175531165,32.6000543389075,-22.8863170620837,0.980091364466708,0.949704406701132,-3.10042092678877,40.4960534778798,61.7643683148135,52.5194753818445,5.10862938534089,15.5254588673467,203.906541192766
Case_8-04,avg,multi,9,42.8149279916831,31.9748333875158,-25.3184931346213,0.982210559759208,0.93821186200205,-4.47955861602061,40.4430282117647,62.1243034583663,53.6094259140927,5.10548683362297,14.3054274197649,180.197126854864
Case_9-01,avg,multi,9,39.0533335869424,27.4074930539654,-29.8203494128111,0.9892820332243,0.917987499710926,-7.20669446315612,44.7284407196616,53.9585978501238,20.6359912886586,3.7335367996764,14.1450277854243,278.864024767355
Case_9-02,avg,multi,9,39.7959148131743,28.0125505259358,-29.6094821354319,0.984716607875787,0.903153533418345,-8.28289822727656,44.2294082272614,55.3695821052817,25.1872550968339,4.27689841655933,14.9494839257116,249.540308645866
Case_9-03,avg,multi,9,39.8376725574365,26.2603546409294,-34.08160428281,0.985805052285832,0.826796799493341,-16.1297867589328,45.1247185886074,59.1967103381529,31.184663726852,4.18653931428145,14.5547725412614,247.656416162415
Case_9-04,avg,multi,9,39.2449963618818,27.8111665239731,-29.1344907576912,0.988087306954144,0.897891511174388,-9.12832248172396,44.9021977325746,59.8543534411822,33.2993850271175,4.14392220820603,15.1421605578073,265.406486825982
Case_9-05,avg,multi,9,39.3461780711587,26.3201515844663,-33.1062052917426,0.988029667425887,0.847692126180124,-14.2037780719059,44.4804431241853,58.6343736332625,31.8205699290376,4.00059789142138,15.5234865237712,288.029163267291
Case_9-07,avg,multi,9,39.6462035082325,26.2604800870186,-33.7629387853855,0.986234206885683,0.849952541579995,-13.8183875953802,45.7956243092311,53.8955054005266,17.6870196955975,4.08944660040316,14.3430097479064,250.73229092886
Case_9-08,avg,multi,9,39.9674716616681,26.7243595573122,-33.1347257000925,0.98865884479048,0.872838405377888,-11.7149044913604,46.0893483967633,53.7458621671487,16.6123280903731,4.19348381298475,14.3763050179921,242.824860167032
Case_9-10,avg,multi,9,39.8052254858843,26.5782281996098,-33.2292987285426,0.989789502040503,0.875548911848712,-11.5419076436231,44.6655426316377,57.709574058253,29.2037903450342,4.26522602537055,14.3844162745011,237.248628535494
